Workbook

Sheet 입력1(학교시설명 등 기본사항 입력) 보고서1,2
A1: 1. 개요
B2: 학교명 (시설명) | C2: 평촌경영고등학교 | F2: 교장 | H2: 손옥기 | O2: 시료번호
B3: 소재지 | C3: 경기도 안양시 동안구 학의로 186
B4: 설립구분 | C4: 공립 | F4: 교실수 | H4: 일반 | I4: 33 | J4: 특별 | K4: 31
B5: 전화번호 | C5: 031-387-0274 | F5: FAX번호 | H5: 031-387-0275
B6: 설비현항 | C6: 냉방 | D6: 중앙 | E6: - | F6: 개별 | H6: 125 | I6: 먹는물 | J6: 상수도
C7: 난방 | D7: 중앙 | E7: - | F7: 개별 | H7: 125 | I7: 저수조 | J7: 3
C8: 환기 | D8: 중앙 | E8: - | F8: 개별 | H8: - | I8: 정수기 | J8: 38
B9: 급식시설 | C9: 조리실 | D9: ○ | E9: 식당 | F9: ○ | H9: 체육장 | I9: 마사토
B10: 체육관 및 강당 | C10: 체육관 | D10: 1 | E10: 강당 | F10: - | H10: 기숙사 | I10: × | J10: 신축년도 | K10: -
A12: 2. 학교시설 환경 측정 개요
B13: 측정일자 | C13: 2026.06.10 | F13: 측정시간 | I13: 13:00 ~ 15:10
B14: 측정장소 | C14: 2-11, 2-4, (도제)회계실무실습실, 1-9, 1-7, (도제)세무실습실, 급식실, 체육관, 보건실, 교무실, 1-12, 2-12, 스포티존
B15: 측정장소 | C15: 소속 | D15: 한국환경보건연구소(주) | F15: 성명 | I15: 박정식
B16: 측정조건 | C16: 온도 | D16: 습도 | E16: 기압 | F16: 소음 | G16: CO2 | H16: PM10 | I16: PM2.5 | J16: 오존 | K16: 환기장치
C17: 27.2 | D17: 40.6 | E17: 1005.2 | F17: 51.2 | G17: 429 | H17: 26 | I17: 24 | J17: 0.053 | K17: 자연

Sheet 입력2(측정)
A1: 분석자 | B1: 유재혁
A2: 검사항목 | B2: 검사조건 | D2: 검사 | E2: 검사결과 | O2: 측정장비 | R2: 최소 | S2: 최대 | T2: 평균
B3: 검사장소 | C3: 검사시간 | E3: 측정값 | M3: 기압
A5: 온도 | B5: 5층 2-11반 | C5: 14:02 ~ 14:12 | D5: 3 | E5: 25.8 | G5: 25.2 | J5: 25.5 | M5: 1004 | O5: KEH-KW-01 | Q5: 0 | R5: =MIN(E5:L5) -> 25.2 | S5: =MAX(E5:L5) -> 25.8 | T5: =AVERAGE(E5:L5) -> 25.5
B6: 4층 2-4반 | C6: 14:13 ~ 14:23 | D6: 3 | E6: 24.9 | G6: 25.1 | J6: 25.3 | M6: 1004.3 | Q6: 0 | R6: =MIN(E6:L6) -> 24.9 | S6: =MAX(E6:L6) -> 25.3 | T6: =AVERAGE(E6:L6) -> 25.1
B7: 1층 (도제)회계실무실습실 | C7: 15:00 ~ 15:10 | D7: 3 | E7: 26.2 | G7: 25.7 | J7: 25.3 | M7: 1005.3 | Q7: - | R7: =MIN(E7:L7) -> 25.3 | S7: =MAX(E7:L7) -> 26.2 | T7: =AVERAGE(E7:L7) -> 25.733333
D8: 3 | Q8: - | R8: =MIN(E8:L8) -> 0 | S8: =MAX(E8:L8) -> 0 | T8: =AVERAGE(E8:L8) -> #DIV/0! | U8: 유치원 수업중
B9: 1층 1-12반 | C9: 13:12 ~ 14:12 | D9: 1 | E9: 26.6 | M9: 1005.5 | Q9: 0 | R9: =MIN(E9:L9) -> 26.6 | S9: =MAX(E9:L9) -> 26.6 | T9: =AVERAGE(E9:L9) -> 26.6 | U9: 틀별점검항목
B10: 2층 2-12반 | C10: 14:05 ~ 15:05 | D10: 1 | E10: 25.4 | M10: 1005.4 | Q10: 0 | R10: =MIN(E10:L10) -> 25.4 | S10: =MAX(E10:L10) -> 25.4 | T10: =AVERAGE(E10:L10) -> 25.4
B11: 1층 스포티존 | C11: 13:00 ~ 14:00 | D11: 1 | E11: 24.3 | M11: 1005.7 | Q11: - | R11: =MIN(E11:L11) -> 24.3 | S11: =MAX(E11:L11) -> 24.3 | T11: =AVERAGE(E11:L11) -> 24.3
A12: 습도 | B12: =B5 -> 5층 2-11반 | C12: =C5 -> 14:02 ~ 14:12 | D12: 3 | E12: 40.47 | G12: 41.1 | J12: 42.6 | M12: - | O12: =O5 -> KEH-KW-01 | R12: =MIN(E12:L12) -> 40.47 | S12: =MAX(E12:L12) -> 42.6 | T12: =AVERAGE(E12:L12) -> 41.39
B13: =B6 -> 4층 2-4반 | C13: =C6 -> 14:13 ~ 14:23 | D13: 3 | E13: 46.9 | G13: 44.8 | J13: 45.3 | M13: - | R13: =MIN(E13:L13) -> 44.8 | S13: =MAX(E13:L13) -> 46.9 | T13: =AVERAGE(E13:L13) -> 45.666667
B14: =B7 -> 1층 (도제)회계실무실습실 | C14: =C7 -> 15:00 ~ 15:10 | D14: 3 | E14: 50.6 | G14: 52.8 | J14: 51.7 | M14: - | R14: =MIN(E14:L14) -> 50.6 | S14: =MAX(E14:L14) -> 52.8 | T14: =AVERAGE(E14:L14) -> 51.7
B15: =B8 -> 0 | C15: =C8 -> 0 | D15: 3 | M15: - | R15: =MIN(E15:L15) -> 0 | S15: =MAX(E15:L15) -> 0 | T15: =AVERAGE(E15:L15) -> #DIV/0! | U15: 유치원 수업중
B16: =B9 -> 1층 1-12반 | C16: =C9 -> 13:12 ~ 14:12 | D16: 1 | E16: 45.2 | M16: - | R16: =MIN(E16:L16) -> 45.2 | S16: =MAX(E16:L16) -> 45.2 | T16: =AVERAGE(E16:L16) -> 45.2 | U16: 틀별점검항목
B17: =B10 -> 2층 2-12반 | C17: =C10 -> 14:05 ~ 15:05 | D17: 1 | E17: 48.2 | M17: - | R17: =MIN(E17:L17) -> 48.2 | S17: =MAX(E17:L17) -> 48.2 | T17: =AVERAGE(E17:L17) -> 48.2
B18: =B11 -> 1층 스포티존 | C18: =C11 -> 13:00 ~ 14:00 | D18: 1 | E18: 40 | M18: - | R18: =MIN(E18:L18) -> 40 | S18: =MAX(E18:L18) -> 40 | T18: =AVERAGE(E18:L18) -> 40
A19: 미세먼지 | B19: =B5 -> 5층 2-11반 | C19: =C5 -> 14:02 ~ 14:12 | D19: 5 | E19: 11 | G19: 13 | I19: 12 | K19: 11 | M19: 12 | O19: =O12 -> KEH-KW-01 | Q19: 0 | R19: =MIN(E19:N19) -> 11 | S19: =MAX(E19:N19) -> 13 | T19: =AVERAGE(E19:N19) -> 11.8
B20: =B6 -> 4층 2-4반 | C20: =C6 -> 14:13 ~ 14:23 | D20: 5 | E20: 18 | G20: 17 | I20: 16 | K20: 16 | M20: 17 | Q20: 0 | R20: =MIN(E20:N20) -> 16 | S20: =MAX(E20:N20) -> 18 | T20: =AVERAGE(E20:N20) -> 16.8
B21: =B7 -> 1층 (도제)회계실무실습실 | C21: =C7 -> 15:00 ~ 15:10 | D21: 5 | E21: 15 | G21: 14 | I21: 13 | K21: 14 | M21: 15 | R21: =MIN(E21:N21) -> 13 | S21: =MAX(E21:N21) -> 15 | T21: =AVERAGE(E21:N21) -> 14.2
B22: =B8 -> 0 | C22: =C8 -> 0 | D22: 5 | R22: =MIN(E22:N22) -> 0 | S22: =MAX(E22:N22) -> 0 | T22: =AVERAGE(E22:N22) -> #DIV/0! | U22: 유치원 수업중
B23: 급식시설 | C23: 14:46 ~ 14:56 | D23: 5 | E23: 18 | G23: 17 | I23: 15 | K23: 14 | M23: 15 | R23: =MIN(E23:N23) -> 14 | S23: =MAX(E23:N23) -> 18 | T23: =AVERAGE(E23:N23) -> 15.8 | U23: 급식시설
B24: 체육관 | C24: 13:38 ~ 13:48 | D24: 10 | E24: 26 | G24: 24 | I24: 25 | K24: 24 | M24: 23 | R24: =MIN(E24:N25) -> 23 | S24: =MAX(E24:N25) -> 27 | T24: =AVERAGE(E24:N25) -> 24.9
E25: 25 | G25: 26 | I25: 24 | K25: 25 | M25: 27
D26: 10 | Q26: 0 | R26: =MIN(E26:N27) -> 0 | S26: =MAX(E26:N27) -> 0 | T26: =AVERAGE(E26:N27) -> #DIV/0!
A28: 초미세먼지 | B28: =B5 -> 5층 2-11반 | C28: =C5 -> 14:02 ~ 14:12 | D28: 5 | E28: 10 | G28: 12 | I28: 11 | K28: 10 | M28: 11 | O28: =O19 -> KEH-KW-01 | Q28: 0 | R28: =MIN(E28:N28) -> 10 | S28: =MAX(E28:N28) -> 12 | T28: =AVERAGE(E28:N28) -> 10.8
B29: =B6 -> 4층 2-4반 | C29: =C6 -> 14:13 ~ 14:23 | D29: 5 | E29: 17 | G29: 16 | I29: 15 | K29: 15 | M29: 16 | Q29: 0 | R29: =MIN(E29:N29) -> 15 | S29: =MAX(E29:N29) -> 17 | T29: =AVERAGE(E29:N29) -> 15.8
B30: =B7 -> 1층 (도제)회계실무실습실 | C30: =C7 -> 15:00 ~ 15:10 | D30: =D21 -> 5 | E30: 14 | G30: 13 | I30: 12 | K30: 13 | M30: 14 | R30: =MIN(E30:N30) -> 12 | S30: =MAX(E30:N30) -> 14 | T30: =AVERAGE(E30:N30) -> 13.2
B31: =B8 -> 0 | C31: =C8 -> 0 | D31: 5 | Q31: 0 | R31: =MIN(E31:N31) -> 0 | S31: =MAX(E31:N31) -> 0 | T31: =AVERAGE(E31:N31) -> #DIV/0! | U31: 유치원 수업중
B32: =B23 -> 급식시설 | C32: =C23 -> 14:46 ~ 14:56 | D32: 5 | E32: 17 | G32: 16 | I32: 14 | K32: 13 | M32: 14 | R32: =MIN(E32:N32) -> 13 | S32: =MAX(E32:N32) -> 17 | T32: =AVERAGE(E32:N32) -> 14.8 | U32: 급식시설
A33: 이산화탄소 | B33: =B5 -> 5층 2-11반 | C33: =C5 -> 14:02 ~ 14:12 | D33: 3 | E33: 816 | G33: 842 | J33: 786 | O33: =O28 -> KEH-KW-01 | Q33: 0 | R33: =MIN(E33:L33) -> 786 | S33: =MAX(E33:L33) -> 842 | T33: =AVERAGE(E33:L33) -> 814.66667
B34: =B6 -> 4층 2-4반 | C34: =C6 -> 14:13 ~ 14:23 | D34: 3 | E34: 763 | G34: 819 | J34: 843 | Q34: 0 | R34: =MIN(E34:L34) -> 763 | S34: =MAX(E34:L34) -> 843 | T34: =AVERAGE(E34:L34) -> 808.33333
B35: =B7 -> 1층 (도제)회계실무실습실 | C35: =C7 -> 15:00 ~ 15:10 | D35: 3 | E35: 712 | G35: 736 | J35: 772 | R35: =MIN(E35:L35) -> 712 | S35: =MAX(E35:L35) -> 772 | T35: =AVERAGE(E35:L35) -> 740
B36: =B8 -> 0 | C36: =C8 -> 0 | D36: 3 | Q36: 0 | R36: =MIN(E36:L36) -> 0 | S36: =MAX(E36:L36) -> 0 | T36: =AVERAGE(E36:L36) -> #DIV/0! | U36: 유치원 수업중
B37: =B23 -> 급식시설 | C37: =C23 -> 14:46 ~ 14:56 | D37: 3 | E37: 512 | G37: 603 | J37: 582 | R37: =MIN(E37:L37) -> 512 | S37: =MAX(E37:L37) -> 603 | T37: =AVERAGE(E37:L37) -> 565.66667 | U37: 급식시설
A38: 일산화탄소 | B38: =B5 -> 5층 2-11반 | C38: =C5 -> 14:02 ~ 14:12 | D38: 3 | E38: 1.9 | G38: 1.92 | J38: 1.93 | O38: =O33 -> KEH-KW-01 | Q38: 0 | R38: =MIN(E38:L38) -> 1.9 | S38: =MAX(E38:L38) -> 1.93 | T38: =AVERAGE(E38:L38) -> 1.9166667
D39: 3 | Q39: 0 | R39: =MIN(E39:L39) -> 0 | S39: =MAX(E39:L39) -> 0 | T39: =AVERAGE(E39:L39) -> #DIV/0!
D40: 3 | Q40: 0 | R40: =MIN(E40:L40) -> 0 | S40: =MAX(E40:L40) -> 0 | T40: =AVERAGE(E40:L40) -> #DIV/0!
A41: NO2 | B41: =B5 -> 5층 2-11반 | C41: =C5 -> 14:02 ~ 14:12 | D41: 3 | E41: 0.019 | G41: 0.02 | J41: 0.021 | O41: =O38 -> KEH-KW-01 | Q41: 0 | R41: =MIN(E41:L41) -> 0.019 | S41: =MAX(E41:L41) -> 0.021 | T41: =AVERAGE(E41:L41) -> 0.02
D42: 3 | Q42: 0 | R42: =MIN(E42:L42) -> 0 | S42: =MAX(E42:L42) -> 0 | T42: =AVERAGE(E42:L42) -> #DIV/0! | U42: 지우지 말것!!!!
D43: 3 | Q43: 0 | R43: =MIN(E43:L43) -> 0 | S43: =MAX(E43:L43) -> 0 | T43: =AVERAGE(E43:L43) -> #DIV/0! | U43: 환산 계산 및 농도 계산값 | AM43: CFU
A44: 부유세균 | B44: 지점 | C44: 측정시간 | D44: 검사 | E44: 1번째 | Q44: 측정장비 | R44: 최소 | S44: 최대 | T44: 평균 | U44: 1번째 | AA44: 2번째 | AG44: 3번째 | AM44: 1,2,3 합계 평균
E45: 24Hr | G45: 48Hr | U45: 24Hr | W45: 48Hr | Y45: CFU | Z45: 농도 | AA45: 24Hr | AC45: 48Hr | AE45: 합계 | AF45: 농도 | AG45: 24Hr | AI45: 48Hr | AK45: 합계 | AL45: 농도 | AN45: 농도
B46: =B5 -> 5층 2-11반 | C46: =C5 -> 14:02 ~ 14:12 | D46: 1 | E46: 7 | G46: 1 | Q46: KEH-M-02 | R46: =MIN(Z46,AF46,AL46) -> 80.852563 | S46: =MAX(Z46,AF46,AL46) -> 80.852563 | T46: =AN46 -> 0 | U46: =IF(E46=0,"0",LOOKUP(E46,'부유세균 환산표'!$A$2:$B$402)) -> 7 | W46: =IF(G46=0,"0",LOOKUP(G46,'부유세균 환산표'!$A$2:$B$402)) -> 1 | Y46: =SUM(U46:X46) -> 8 | Z46: =(Y46/'포집유량 보정'!N8) -> 80.852563
B47: =B6 -> 4층 2-4반 | C47: =C6 -> 14:13 ~ 14:23 | D47: 1 | E47: 17 | G47: 7 | R47: =MIN(Z47,AF47,AL47) -> 242.16029 | S47: =MAX(Z47,AF47,AL47) -> 242.16029 | T47: =AN47 -> 0 | U47: =IF(E47=0,"0",LOOKUP(E47,'부유세균 환산표'!$A$2:$B$402)) -> 17 | W47: =IF(G47=0,"0",LOOKUP(G47,'부유세균 환산표'!$A$2:$B$402)) -> 7 | Y47: =SUM(U47:X47) -> 24 | Z47: =(Y47/'포집유량 보정'!N9) -> 242.16029
B48: =B7 -> 1층 (도제)회계실무실습실 | C48: =C7 -> 15:00 ~ 15:10 | D48: 1 | E48: 1 | G48: 2 | R48: =MIN(Z48,AF48,AL48) -> 30.304173 | S48: =MAX(Z48,AF48,AL48) -> 30.304173 | T48: =AN48 -> 0 | U48: =IF(E48=0,"0",LOOKUP(E48,'부유세균 환산표'!$A$2:$B$402)) -> 1 | W48: =IF(G48=0,"0",LOOKUP(G48,'부유세균 환산표'!$A$2:$B$402)) -> 2 | Y48: =SUM(U48:X48) -> 3 | Z48: =(Y48/'포집유량 보정'!N10) -> 30.304173
B49: =B8 -> 0 | C49: =C8 -> 0 | D49: 1 | R49: =MIN(Z49,AF49,AL49) -> 0 | S49: =MAX(Z49,AF49,AL49) -> 0 | T49: =AN49 -> 0 | U49: =IF(E49=0,"0",LOOKUP(E49,'부유세균 환산표'!$A$2:$B$402)) -> 0 | W49: =IF(G49=0,"0",LOOKUP(G49,'부유세균 환산표'!$A$2:$B$402)) -> 0 | Y49: =SUM(U49:X49) -> 0 | Z49: =(Y49/'포집유량 보정'!N9) -> 0
A50: 낙하세균 | B50: 지점 | C50: 측정시간 | D50: 검사 | E50: 1번째 | I50: 2번째 | M50: 3번째 | Q50: 측정장비 | R50: 최소 | S50: 최대 | T50: 평균 | U50: 1번째 | AA50: 2번째 | AG50: 3번째 | AM50: 1,2,3 합계 평균 CFU
E51: 24Hr | G51: 48Hr | I51: 24Hr | K51: 48Hr | M51: 24Hr | O51: 48Hr | U51: 24Hr | W51: 48Hr | Y51: CFU | Z51: 농도 | AA51: 24Hr | AC51: 48Hr | AE51: CFU | AF51: 농도 | AG51: 24Hr | AI51: 48Hr | AK51: 합계 | AL51: CFU
B52: =B23 -> 급식시설 | C52: =C23 -> 14:46 ~ 14:56 | D52: 3 | E52: 0 | G52: 0 | I52: 0 | K52: 0 | M52: 0 | O52: 0 | Q52: 한천배지 | R52: =MIN(Y52,AE52,AK52) -> 0 | S52: =MAX(Y52,AE52,AL52) -> 0 | T52: =AM52 -> 0 | U52: =IF(E52=0,"0",LOOKUP(E52,'부유세균 환산표'!$A$2:$B$402)) -> 0 | W52: =IF(G52=0,"0",LOOKUP(G52,'부유세균 환산표'!$A$2:$B$402)) -> 0 | Y52: =SUM(U52:X52) -> 0 | Z52: - | AA52: =IF(I52=0,"0",LOOKUP(I52,'부유세균 환산표'!$A$2:$B$402)) -> 0 | AC52: =IF(K52=0,"0",LOOKUP(K52,'부유세균 환산표'!$A$2:$B$402)) -> 0 | AE52: =SUM(AA52:AD52) -> 0 | AF52: - | AG52: =IF(M52=0,"0",LOOKUP(M52,'부유세균 환산표'!$A$2:$B$402)) -> 0 | AI52: =IF(O52=0,"0",LOOKUP(O52,'부유세균 환산표'!$A$2:$B$402)) -> 0 | AK52: =SUM(AG52:AI52) -> 0 | AL52: =AK52 -> 0 | AM52: =AVERAGE(Y52,AE52,AL52) -> 0 | AN52: - | AO52: 급식실
B53: 보건실 | C53: 13:49 ~ 13:59 | D53: 3 | E53: 0 | G53: 0 | I53: 1 | K53: 0 | M53: 0 | O53: 1 | R53: =MIN(Y53,AE53,AK53) -> 0 | S53: =MAX(Y53,AE53,AL53) -> 1 | T53: =AM53 -> 0.66666667 | U53: =IF(E53=0,"0",LOOKUP(E53,'부유세균 환산표'!$A$2:$B$402)) -> 0 | W53: =IF(G53=0,"0",LOOKUP(G53,'부유세균 환산표'!$A$2:$B$402)) -> 0 | Y53: =SUM(U53:X53) -> 0 | Z53: - | AA53: =IF(I53=0,"0",LOOKUP(I53,'부유세균 환산표'!$A$2:$B$402)) -> 1 | AC53: =IF(K53=0,"0",LOOKUP(K53,'부유세균 환산표'!$A$2:$B$402)) -> 0 | AE53: =SUM(AA53:AD53) -> 1 | AF53: - | AG53: =IF(M53=0,"0",LOOKUP(M53,'부유세균 환산표'!$A$2:$B$402)) -> 0 | AI53: =IF(O53=0,"0",LOOKUP(O53,'부유세균 환산표'!$A$2:$B$402)) -> 1 | AK53: =SUM(AG53:AI53) -> 1 | AL53: =AK53 -> 1 | AM53: =AVERAGE(Y53,AE53,AK53) -> 0.66666667 | AN53: - | AO53: 보건실
D54: 3 | R54: =MIN(Y54,AE54,AK54) -> 0 | S54: =MAX(Y54,AE54,AL54) -> 0 | T54: =AM54 -> 0 | U54: =IF(E54=0,"0",LOOKUP(E54,'부유세균 환산표'!$A$2:$B$402)) -> 0 | W54: =IF(G54=0,"0",LOOKUP(G54,'부유세균 환산표'!$A$2:$B$402)) -> 0 | Y54: =SUM(U54:X54) -> 0 | Z54: - | AA54: =IF(I54=0,"0",LOOKUP(I54,'부유세균 환산표'!$A$2:$B$402)) -> 0 | AC54: =IF(K54=0,"0",LOOKUP(K54,'부유세균 환산표'!$A$2:$B$402)) -> 0 | AE54: =SUM(AA54:AD54) -> 0 | AF54: - | AG54: =IF(M54=0,"0",LOOKUP(M54,'부유세균 환산표'!$A$2:$B$402)) -> 0 | AI54: =IF(O54=0,"0",LOOKUP(O54,'부유세균 환산표'!$A$2:$B$402)) -> 0 | AK54: =SUM(AG54:AI54) -> 0 | AL54: =AK54 -> 0 | AM54: =AVERAGE(Y54,AE54,AK54) -> 0 | AN54: -
D55: 3 | R55: =MIN(Y55,AE55,AK55) -> 0 | S55: =MAX(Y55,AE55,AL55) -> 0 | T55: =AM55 -> 0 | U55: =IF(E55=0,"0",LOOKUP(E55,'부유세균 환산표'!$A$2:$B$402)) -> 0 | W55: =IF(G55=0,"0",LOOKUP(G55,'부유세균 환산표'!$A$2:$B$402)) -> 0 | Y55: =SUM(U55:X55) -> 0 | Z55: - | AA55: =IF(I55=0,"0",LOOKUP(I55,'부유세균 환산표'!$A$2:$B$402)) -> 0 | AC55: =IF(K55=0,"0",LOOKUP(K55,'부유세균 환산표'!$A$2:$B$402)) -> 0 | AE55: =SUM(AA55:AD55) -> 0 | AF55: - | AG55: =IF(M55=0,"0",LOOKUP(M55,'부유세균 환산표'!$A$2:$B$402)) -> 0 | AI55: =IF(O55=0,"0",LOOKUP(O55,'부유세균 환산표'!$A$2:$B$402)) -> 0 | AK55: =SUM(AG55:AI55) -> 0 | AL55: =AK55 -> 0 | AM55: =AVERAGE(Y55,AE55,AK55) -> 0 | AN55: -
G56: 석면 온도 | I56: 석면 습도 | K56: 석면 압력 | M56: 석면 유량
A57: 석면 | D57: 1 | G57: 온도 | I57: 습도 | K57: 압력 | M57: 전 | O57: 후 | R57: =E57 -> 0 | S57: =E57 -> 0 | T57: =E57 -> 0
D58: 1 | G58: 온도 | I58: 습도 | K58: 압력 | M58: 전 | O58: 후 | R58: =E58 -> 0 | S58: =E58 -> 0 | T58: =E58 -> 0
D59: 1 | G59: 온도 | I59: 습도 | K59: 압력 | M59: 전 | O59: 후 | R59: =E59 -> 0 | S59: =E59 -> 0 | T59: =E59 -> 0
D60: 1 | G60: 온도 | I60: 습도 | K60: 압력 | M60: 전 | O60: 후 | R60: =E60 -> 0 | S60: =E60 -> 0 | T60: =E60 -> 0
D61: 1 | G61: 온도 | I61: 습도 | K61: 압력 | M61: 전 | O61: 후 | R61: =E61 -> 0 | S61: =E61 -> 0 | T61: =E61 -> 0
D62: 1 | G62: 온도 | I62: 습도 | K62: 압력 | M62: 전 | O62: 후 | R62: =E62 -> 0 | S62: =E62 -> 0 | T62: =E62 -> 0
A63: 오존 | B63: 교무실 | C63: 14:25 ~ 14:35 | D63: 3 | E63: 0.013 | G63: 0.01 | I63: 0.012 | Q63: =O5 -> KEH-KW-01 | R63: =MIN(E63:J63) -> 0.01 | S63: =MAX(E63:J63) -> 0.013 | T63: =AVERAGE(E63:J63) -> 0.011666667
D64: 3 | R64: =MIN(E64:J64) -> 0 | S64: =MAX(E64:J64) -> 0 | T64: =AVERAGE(E64:J64) -> #DIV/0!
D65: 3 | R65: =MIN(E65:J65) -> 0 | S65: =MAX(E65:J65) -> 0 | T65: =AVERAGE(E65:J65) -> #DIV/0!
A66: 진드기 | B66: =B53 -> 보건실 | C66: =C53 -> 13:49 ~ 13:59 | D66: 1 | E66: 0-20미만 | Q66: 진드기 키트 | R66: =E66 -> 0-20미만 | S66: =E66 -> 0-20미만 | T66: =E66 -> 0-20미만
A67: 포름알데하이드 (직독식) | B67: 5층 1-9반 | C67: 13:03 ~ 13:13 | D67: 3 | E67: 27 | G67: 32 | I67: 33 | Q67: =O5 -> KEH-KW-01 | R67: =MIN(E67:J67) -> 27 | S67: =MAX(E67:J67) -> 33 | T67: =AVERAGE(E67:J67) -> 30.666667
B68: 4층 1-7반 | C68: 13:15 ~ 13:25 | D68: 3 | E68: 45 | G68: 44 | I68: 40 | R68: =MIN(E68:J68) -> 40 | S68: =MAX(E68:J68) -> 45 | T68: =AVERAGE(E68:J68) -> 43
B69: 2층 (도제)세무실무실습실 | C69: 13:26 ~ 13:36 | D69: 3 | E69: 32 | G69: 34 | I69: 36 | R69: =MIN(E69:J69) -> 32 | S69: =MAX(E69:J69) -> 36 | T69: =AVERAGE(E69:J69) -> 34
D70: 3 | R70: =MIN(E70:J70) -> 0 | S70: =MAX(E70:J70) -> 0 | T70: =AVERAGE(E70:J70) -> #DIV/0! | U70: 유치원 빈교실
B71: =B23 -> 급식시설 | C71: =C23 -> 14:46 ~ 14:56 | D71: 3 | E71: 63 | G71: 59 | I71: 60 | R71: =MIN(E71:J71) -> 59 | S71: =MAX(E71:J71) -> 63 | T71: =AVERAGE(E71:J71) -> 60.666667 | U71: 급식시설
A72: TVOC (직독식) | C72: 23 | D72: 2 | R72: =MIN(E72:H72) -> 0 | S72: =MAX(E72:L72) -> 0 | T72: =AVERAGE(E72:L72) -> #DIV/0!
C73: 23 | D73: 2 | R73: =MIN(E73:L73) -> 0 | S73: =MAX(E73:L73) -> 0 | T73: =AVERAGE(E73:L73) -> #DIV/0!
C74: 23 | D74: 2 | R74: =MIN(E74:L74) -> 0 | S74: =MAX(E74:L74) -> 0 | T74: =AVERAGE(E74:L74) -> #DIV/0!
C75: 23 | D75: 2 | R75: =MIN(E75:L75) -> 0 | S75: =MAX(E75:L75) -> 0 | T75: =AVERAGE(E75:L75) -> #DIV/0!
A76: 조도 (칠판면) | B76: =B67 -> 5층 1-9반 | C76: =C67 -> 13:03 ~ 13:13 | D76: 9 | E76: 368 | G76: 396 | I76: 471 | K76: 425 | M76: 481 | Q76: KEH-TM-01 | R76: =MIN(E76:N76,E77:L77) -> 334 | S76: =MAX(E76:N76,E77:L77) -> 481 | T76: =AVERAGE(E76:N76,E77:L77) -> 405.22222
E77: 334 | G77: 367 | I77: 449 | K77: 356
B78: =B68 -> 4층 1-7반 | C78: =C68 -> 13:15 ~ 13:25 | D78: 9 | E78: 530 | G78: 486 | I78: 427 | K78: 568 | M78: 537 | R78: =MIN(E78:N78,E79:L79) -> 427 | S78: =MAX(E78:N78,E79:L79) -> 568 | T78: =AVERAGE(E78:N78,E79:L79) -> 504.55556
E79: 463 | G79: 559 | I79: 531 | K79: 440
B80: =B69 -> 2층 (도제)세무실무실습실 | C80: =C69 -> 13:26 ~ 13:36 | D80: 9 | E80: 893 | G80: 883 | I80: 612 | K80: 761 | M80: 772 | R80: =MIN(E80:N80,E81:L81) -> 612 | S80: =MAX(E80:N80,E81:L81) -> 893 | T80: =AVERAGE(E80:N80,E81:L81) -> 745.33333
E81: 630 | G81: 732 | I81: 740 | K81: 685
B82: =B70 -> 0 | C82: =C70 -> 0 | D82: 9 | R82: =MIN(E82:N82,E83:L83) -> 0 | S82: =MAX(E82:N82,E83:L83) -> 0 | T82: =AVERAGE(E82:N82,E83:L83) -> #DIV/0! | U82: 유치원 빈교실
U83: 유치원 빈교실
A84: 조도 (책상면) | B84: =B67 -> 5층 1-9반 | C84: =C67 -> 13:03 ~ 13:13 | D84: 9 | E84: 926 | G84: 784 | I84: 732 | K84: 953 | M84: 826 | Q84: =Q76 -> KEH-TM-01 | R84: =MIN(E84:N84,E85:L85) -> 732 | S84: =MAX(E84:N84,E85:L85) -> 953 | T84: =AVERAGE(E84:N84,E85:L85) -> 839.77778
E85: 799 | G85: 907 | I85: 816 | K85: 815
B86: =B68 -> 4층 1-7반 | C86: =C68 -> 13:15 ~ 13:25 | D86: 9 | E86: 862 | G86: 816 | I86: 725 | K86: 896 | M86: 689 | R86: =MIN(E86:N86,E87:L87) -> 689 | S86: =MAX(E86:N86,E87:L87) -> 896 | T86: =AVERAGE(E86:N86,E87:L87) -> 773.55556
E87: 770 | G87: 725 | I87: 737 | K87: 742
B88: =B69 -> 2층 (도제)세무실무실습실 | C88: =C69 -> 13:26 ~ 13:36 | D88: 9 | E88: 642 | G88: 872 | I88: 695 | K88: 667 | M88: 710 | R88: =MIN(E88:N88,E89:L89) -> 642 | S88: =MAX(E88:N88,E89:L89) -> 872 | T88: =AVERAGE(E88:N88,E89:L89) -> 720.11111
E89: 725 | G89: 739 | I89: 695 | K89: 736
B90: =B70 -> 0 | C90: =C70 -> 0 | D90: =D82 -> 9 | R90: =MIN(E90:N90,E91:L91) -> 0 | S90: =MAX(E90:N90,E91:L91) -> 0 | T90: =AVERAGE(E90:N90,E91:L91) -> #DIV/0! | U90: 유치원 빈교실
U91: 유치원 빈교실
A92: 조도비 (칠판면) 3:1 | B92: =B67 -> 5층 1-9반 | C92: =C67 -> 13:03 ~ 13:13 | Q92: =Q84 -> KEH-TM-01 | R92: =R76 -> 334 | S92: =S76 -> 481 | T92: =S92/R92 -> 1.4401198
B94: =B68 -> 4층 1-7반 | C94: =C68 -> 13:15 ~ 13:25 | R94: =R78 -> 427 | S94: =S78 -> 568 | T94: =S94/R94 -> 1.3302108
B96: =B69 -> 2층 (도제)세무실무실습실 | C96: =C69 -> 13:26 ~ 13:36 | R96: =R80 -> 612 | S96: =S80 -> 893 | T96: =S96/R96 -> 1.4591503
B98: =B70 -> 0 | C98: =C70 -> 0 | R98: =R82 -> 0 | S98: =S82 -> 0 | T98: =R98/S98 -> #DIV/0! | U98: 유치원 빈교실
U99: 유치원 빈교실
A100: 조도비 (책상면) 3:1 | B100: =$B$67 -> 5층 1-9반 | C100: =$C$67 -> 13:03 ~ 13:13 | Q100: =Q92 -> KEH-TM-01 | R100: =R84 -> 732 | S100: =S84 -> 953 | T100: =S100/R100 -> 1.3019126
B102: =$B$68 -> 4층 1-7반 | C102: =$C$68 -> 13:15 ~ 13:25 | R102: =R86 -> 689 | S102: =S86 -> 896 | T102: =S102/R102 -> 1.3004354
B104: =$B$69 -> 2층 (도제)세무실무실습실 | C104: =$C$69 -> 13:26 ~ 13:36 | R104: =R88 -> 642 | S104: =S88 -> 872 | T104: =S104/R104 -> 1.3582555
B106: =$B$70 -> 0 | C106: =$C$70 -> 0 | R106: =R90 -> 0 | S106: =S90 -> 0 | T106: =R106/S106 -> #DIV/0!
U107: 유치원 빈교실
A108: 소음 (dB(A)) | B108: =$B$67 -> 5층 1-9반 | C108: =C67 -> 13:03 ~ 13:13 | D108: 2 | E108: 47.2 | G108: 48 | Q108: KEH-SL-01 | R108: =MIN(E108:H108) -> 47.2 | S108: =MAX(E108:H108) -> 48 | T108: =AVERAGE(E108:H108) -> 47.6
...

Sheet 보고서3
A1: 3. 측정지점별 측정결과 3-1. 학교시설에서의 공기질
A2: 측정 항목 | B2: 검사조건 | D2: 검사 | E2: 검사결과 | H2: 유지 기준 | I2: 평가결과 | J2: 측정기기 사양 | O2: 검사 방법 | P2: 비고
B3: 검사장소 | C3: 검사시간 | D3: 횟수 | E3: 최소 | F3: 최대 | G3: 평균 | J3: 제조 회사 | K3: 모델명 | L3: 제작일 | M3: 고유 번호 | N3: 성능 검사일
A5: 미세먼지 PM10 (㎍/㎥) | B5: ='입력2(측정)'!B19 -> 5층 2-11반 | C5: ='입력2(측정)'!C19 -> 14:02 ~ 14:12 | D5: ='입력2(측정)'!D19 -> 5 | E5: ='입력2(측정)'!R19 -> 11 | F5: ='입력2(측정)'!S19 -> 13 | G5: ='입력2(측정)'!T19 -> 11.8 | H5: 75 ㎍/㎥ 이하 | I5: =IF(G5>75,"부적합","적합") -> 적합 | J5: 케이웨더(주) | K5: IAQ-SC | L5: 26.02.27 | M5: ISCFW2500037 | N5: 26.03.03.~ 26.03.06. | O5: 광산 란법
B6: ='입력2(측정)'!B20 -> 4층 2-4반 | C6: ='입력2(측정)'!C20 -> 14:13 ~ 14:23 | D6: ='입력2(측정)'!D20 -> 5 | E6: ='입력2(측정)'!R20 -> 16 | F6: ='입력2(측정)'!S20 -> 18 | G6: ='입력2(측정)'!T20 -> 16.8 | H6: 75 ㎍/㎥ 이하 | I6: =IF(G6>75,"부적합","적합") -> 적합
B7: ='입력2(측정)'!B21 -> 1층 (도제)회계실무실습실 | C7: ='입력2(측정)'!C21 -> 15:00 ~ 15:10 | D7: ='입력2(측정)'!D21 -> 5 | E7: ='입력2(측정)'!R21 -> 13 | F7: ='입력2(측정)'!S21 -> 15 | G7: ='입력2(측정)'!T21 -> 14.2 | H7: 75 ㎍/㎥ 이하 | I7: =IF(G7>75,"부적합","적합") -> 적합
B8: - | C8: - | D8: - | E8: - | F8: - | G8: - | H8: - | I8: -
B9: ='입력2(측정)'!B23 -> 급식시설 | C9: ='입력2(측정)'!C23 -> 14:46 ~ 14:56 | D9: ='입력2(측정)'!D23 -> 5 | E9: ='입력2(측정)'!R23 -> 14 | F9: ='입력2(측정)'!S23 -> 18 | G9: ='입력2(측정)'!T23 -> 15.8 | H9: 75 ㎍/㎥ 이하 | I9: =IF(G9>75,"부적합","적합") -> 적합
B10: ='입력2(측정)'!B24 -> 체육관 | C10: ='입력2(측정)'!C24 -> 13:38 ~ 13:48 | D10: ='입력2(측정)'!D24 -> 10 | E10: ='입력2(측정)'!R24 -> 23 | F10: ='입력2(측정)'!S24 -> 27 | G10: ='입력2(측정)'!T24 -> 24.9 | H10: 150 ㎍/㎥ 이하 | I10: =IF(G10>150,"부적합","적합") -> 적합
B11: - | C11: - | D11: - | E11: - | F11: - | G11: - | H11: - | I11: -
A12: 초미세먼지 PM2.5 (㎍/㎥) | B12: ='입력2(측정)'!B28 -> 5층 2-11반 | C12: ='입력2(측정)'!C28 -> 14:02 ~ 14:12 | D12: ='입력2(측정)'!D28 -> 5 | E12: ='입력2(측정)'!R28 -> 10 | F12: ='입력2(측정)'!S28 -> 12 | G12: ='입력2(측정)'!T28 -> 10.8 | H12: 35 ㎍/㎥ 이하 | I12: =IF(G12>35,"부적합","적합") -> 적합 | J12: 케이웨더(주) | K12: IAQ-SC | L12: 26.02.27 | M12: ISCFW2500037 | N12: 26.03.03.~ 26.03.06. | O12: 광산 란법
B13: ='입력2(측정)'!B29 -> 4층 2-4반 | C13: ='입력2(측정)'!C29 -> 14:13 ~ 14:23 | D13: ='입력2(측정)'!D29 -> 5 | E13: ='입력2(측정)'!R29 -> 15 | F13: ='입력2(측정)'!S29 -> 17 | G13: ='입력2(측정)'!T29 -> 15.8 | H13: 35 ㎍/㎥ 이하 | I13: =IF(G13>35,"부적합","적합") -> 적합
B14: ='입력2(측정)'!B30 -> 1층 (도제)회계실무실습실 | C14: ='입력2(측정)'!C30 -> 15:00 ~ 15:10 | D14: ='입력2(측정)'!D30 -> 5 | E14: ='입력2(측정)'!R30 -> 12 | F14: ='입력2(측정)'!S30 -> 14 | G14: ='입력2(측정)'!T30 -> 13.2 | H14: 35 ㎍/㎥ 이하 | I14: =IF(G14>35,"부적합","적합") -> 적합
B15: - | C15: - | D15: - | E15: - | F15: - | G15: - | H15: - | I15: -
B16: ='입력2(측정)'!B32 -> 급식시설 | C16: ='입력2(측정)'!C32 -> 14:46 ~ 14:56 | D16: ='입력2(측정)'!D32 -> 5 | E16: ='입력2(측정)'!R32 -> 13 | F16: ='입력2(측정)'!S32 -> 17 | G16: ='입력2(측정)'!T32 -> 14.8 | H16: 35 ㎍/㎥ 이하 | I16: =IF(G16>35,"부적합","적합") -> 적합
A17: 이산화탄소 CO2 (ppm) | B17: ='입력2(측정)'!B33 -> 5층 2-11반 | C17: ='입력2(측정)'!C33 -> 14:02 ~ 14:12 | D17: ='입력2(측정)'!D33 -> 3 | E17: ='입력2(측정)'!R33 -> 786 | F17: ='입력2(측정)'!S33 -> 842 | G17: ='입력2(측정)'!T33 -> 814.66667 | H17: 1000 ppm 이하 | I17: =IF(G17>1000,"부적합","적합") -> 적합 | J17: 케이웨더(주) | K17: IAQ-SC | L17: 26.02.27 | M17: ISCFW2500037 | N17: 26.03.03.~ 26.03.06. | O17: 비분산적외선법
B18: ='입력2(측정)'!B34 -> 4층 2-4반 | C18: ='입력2(측정)'!C34 -> 14:13 ~ 14:23 | D18: ='입력2(측정)'!D34 -> 3 | E18: ='입력2(측정)'!R34 -> 763 | F18: ='입력2(측정)'!S34 -> 843 | G18: ='입력2(측정)'!T34 -> 808.33333 | H18: 1000 ppm 이하 | I18: =IF(G18>1000,"부적합","적합") -> 적합
B19: ='입력2(측정)'!B35 -> 1층 (도제)회계실무실습실 | C19: ='입력2(측정)'!C35 -> 15:00 ~ 15:10 | D19: ='입력2(측정)'!D35 -> 3 | E19: ='입력2(측정)'!R35 -> 712 | F19: ='입력2(측정)'!S35 -> 772 | G19: ='입력2(측정)'!T35 -> 740 | H19: 1000 ppm 이하 | I19: =IF(G19>1000,"부적합","적합") -> 적합
B20: - | C20: - | D20: - | E20: - | F20: - | G20: - | H20: - | I20: -
B21: ='입력2(측정)'!B37 -> 급식시설 | C21: ='입력2(측정)'!C37 -> 14:46 ~ 14:56 | D21: ='입력2(측정)'!D36 -> 3 | E21: ='입력2(측정)'!R37 -> 512 | F21: ='입력2(측정)'!S37 -> 603 | G21: ='입력2(측정)'!T37 -> 565.66667 | H21: 1000 ppm 이하 | I21: =IF(G21>1000,"부적합","적합") -> 적합
B22: ='입력2(측정)'!B38 -> 5층 2-11반 | C22: ='입력2(측정)'!C25 -> 0 | D22: ='입력2(측정)'!D37 -> 3 | E22: ='입력2(측정)'!R37 -> 512 | F22: ='입력2(측정)'!S37 -> 603 | G22: ='입력2(측정)'!T38 -> 1.9166667 | H22: 1000 ppm 이하 | I22: =IF(G22>1000,"부적합","적합") -> 적합
A23: 포름알데하이드 HCHO (직독식) | B23: ='입력2(측정)'!B67 -> 5층 1-9반 | C23: ='입력2(측정)'!C67 -> 13:03 ~ 13:13 | D23: ='입력2(측정)'!D67 -> 3 | E23: ='입력2(측정)'!R67 -> 27 | F23: ='입력2(측정)'!S67 -> 33 | G23: ='입력2(측정)'!T67 -> 30.666667 | H23: 80 ug/㎥ 이하 | I23: =IF(G23>80,"부적합","적합") -> 적합 | J23: 케이웨더(주) | K23: IAQ-SC | L23: 26.02.27 | M23: ISCFW2500037 | N23: 26.03.03.~ 26.03.06. | O23: 전기화학식
B24: ='입력2(측정)'!B68 -> 4층 1-7반 | C24: ='입력2(측정)'!C68 -> 13:15 ~ 13:25 | D24: ='입력2(측정)'!D68 -> 3 | E24: ='입력2(측정)'!R68 -> 40 | F24: ='입력2(측정)'!S68 -> 45 | G24: ='입력2(측정)'!T68 -> 43 | H24: 80 ug/㎥ 이하 | I24: =IF(G24>80,"부적합","적합") -> 적합
B25: ='입력2(측정)'!B69 -> 2층 (도제)세무실무실습실 | C25: ='입력2(측정)'!C69 -> 13:26 ~ 13:36 | D25: ='입력2(측정)'!D69 -> 3 | E25: ='입력2(측정)'!R69 -> 32 | F25: ='입력2(측정)'!S69 -> 36 | G25: ='입력2(측정)'!T69 -> 34 | H25: 80 ug/㎥ 이하 | I25: =IF(G25>80,"부적합","적합") -> 적합
B26: - | C26: - | D26: - | E26: - | F26: - | G26: - | H26: - | I26: -
B27: ='입력2(측정)'!B71 -> 급식시설 | C27: ='입력2(측정)'!C71 -> 14:46 ~ 14:56 | D27: ='입력2(측정)'!D71 -> 3 | E27: ='입력2(측정)'!R71 -> 59 | F27: ='입력2(측정)'!S71 -> 63 | G27: ='입력2(측정)'!T71 -> 60.666667 | H27: 80 ug/㎥ 이하 | I27: =IF(G27>80,"부적합","적합") -> 적합
A28: 포름알데하이드 HCHO ( DNPH) | B28: ='입력2(측정)'!B112 -> 1층 1-12반 | C28: ='입력2(측정)'!C112 -> 13:12 ~ 14:12 | D28: 2 | E28: ='입력2(측정)'!R112 -> 14.303685 | F28: ='입력2(측정)'!S112 -> 16.788362 | G28: ='입력2(측정)'!T112 -> 15.546023 | H28: 80 ug/㎥ 이하 | I28: =IF(G28>80,"부적합","적합") -> 적합 | J28: - | K28: - | L28: - | M28: - | N28: - | O28: -
B29: ='입력2(측정)'!B113 -> 2층 2-12반 | C29: ='입력2(측정)'!C113 -> 14:05 ~ 15:05 | D29: 2 | E29: ='입력2(측정)'!R113 -> 7.7332291 | F29: ='입력2(측정)'!S113 -> 9.5305231 | G29: ='입력2(측정)'!T113 -> 8.6318761 | H29: 80 ug/㎥ 이하 | I29: =IF(G29>80,"부적합","적합") -> 적합
B30: ='입력2(측정)'!B114 -> 1층 스포티존 | C30: ='입력2(측정)'!C114 -> 13:00 ~ 14:00 | D30: 2 | E30: ='입력2(측정)'!R114 -> 26.227584 | F30: ='입력2(측정)'!S114 -> 28.577047 | G30: ='입력2(측정)'!T114 -> 27.402316 | H30: 80 ug/㎥ 이하 | I30: =IF(G30>80,"부적합","적합") -> 적합
A31: 총부유 세균 (CFU/㎥) | B31: ='입력2(측정)'!B46 -> 5층 2-11반 | C31: ='입력2(측정)'!C46 -> 14:02 ~ 14:12 | D31: 1 | E31: - | F31: - | G31: ='입력2(측정)'!Z46 -> 80.852563 | H31: 800 CFU/㎥ 이하 | I31: =IF(G31>800,"부적합","적합") -> 적합 | J31: A.P. BUCK | K31: BIO-CULTURE | L31: 26.04.17 | M31: C103640 | N31: 26.03.03 | O31: 충돌법
B32: ='입력2(측정)'!B47 -> 4층 2-4반 | C32: ='입력2(측정)'!C47 -> 14:13 ~ 14:23 | D32: 1 | E32: - | F32: - | G32: ='입력2(측정)'!Z47 -> 242.16029 | H32: 800 CFU/㎥ 이하 | I32: =IF(G32>800,"부적합","적합") -> 적합
B33: ='입력2(측정)'!B48 -> 1층 (도제)회계실무실습실 | C33: ='입력2(측정)'!C48 -> 15:00 ~ 15:10 | D33: 1 | E33: - | F33: - | G33: ='입력2(측정)'!Z48 -> 30.304173 | H33: 800 CFU/㎥ 이하 | I33: =IF(G33>800,"부적합","적합") -> 적합
B34: - | C34: - | D34: - | E34: - | F34: - | G34: - | H34: - | I34: -
A35: 낙하 세균 (CFU/실) | B35: ='입력2(측정)'!B52 -> 급식시설 | C35: ='입력2(측정)'!C52 -> 14:46 ~ 14:56 | D35: ='입력2(측정)'!D52 -> 3 | E35: ='입력2(측정)'!R52 -> 0 | F35: ='입력2(측정)'!S52 -> 0 | G35: ='입력2(측정)'!T52 -> 0 | H35: 10 CFU/실 이하 | I35: =IF(G35>10,"부적합","적합") -> 적합 | J35: HANGANG Prepared Media | K35: 한천배지 | L35: 26.03.03 | M35: - | N35: - | O35: 낙하세균법
B36: ='입력2(측정)'!B53 -> 보건실 | C36: ='입력2(측정)'!C53 -> 13:49 ~ 13:59 | D36: ='입력2(측정)'!D53 -> 3 | E36: ='입력2(측정)'!R53 -> 0 | F36: ='입력2(측정)'!S53 -> 1 | G36: ='입력2(측정)'!T53 -> 0.66666667 | H36: 10 CFU/실 이하 | I36: =IF(G36>10,"부적합","적합") -> 적합
B37: - | C37: - | D37: - | E37: - | F37: - | G37: - | H37: - | I37: -
B38: - | C38: - | D38: - | E38: - | F38: - | G38: - | H38: - | I38: -
A39: 일산화탄소 CO | B39: ='입력2(측정)'!B38 -> 5층 2-11반 | C39: ='입력2(측정)'!C38 -> 14:02 ~ 14:12 | D39: 3 | E39: ='입력2(측정)'!R38 -> 1.9 | F39: ='입력2(측정)'!S38 -> 1.93 | G39: ='입력2(측정)'!T38 -> 1.9166667 | H39: 10 ppm 이하 | I39: =IF(G39>10,"부적합","적합") -> 적합 | J39: 케이웨더(주) | K39: IAQ-SC | L39: 26.02.27 | M39: ISCFW2500037 | N39: 26.03.03.~ 26.03.06. | O39: 전기화학식
B40: - | C40: - | D40: - | E40: - | F40: - | G40: - | H40: - | I40: -
B41: - | C41: - | D41: - | E41: - | F41: - | G41: - | H41: - | I41: -
A42: 이산화 질소 NO2 (ppm) | B42: ='입력2(측정)'!B41 -> 5층 2-11반 | C42: ='입력2(측정)'!C41 -> 14:02 ~ 14:12 | D42: ='입력2(측정)'!D41 -> 3 | E42: ='입력2(측정)'!R41 -> 0.019 | F42: ='입력2(측정)'!S41 -> 0.021 | G42: ='입력2(측정)'!T41 -> 0.02 | H42: 0.05 ppm 이하 | I42: =IF(G42>0.05,"부적합","적합") -> 적합 | J42: 케이웨더(주) | K42: IAQ-SC | L42: 26.02.27 | M42: ISCFW2500037 | N42: 26.03.03.~ 26.03.06. | O42: 전기화학식
B43: - | C43: - | D43: - | E43: - | F43: - | G43: - | H43: - | I43: -
B44: - | C44: - | D44: - | E44: - | F44: - | G44: - | H44: - | I44: -
A45: 라돈 Rn | B45: 1층 보건실 | C45: 2026-03-30~ 2026-06-29 | D45: 1 | E45: - | F45: - | G45: - | H45: 148 Bq/㎥ | I45: 측정중 | J45: ㈜알엔 테크 | K45: α-track | L45: 26.03.05 | M45: - | N45: - | O45: 장기측정법
B46: ='입력2(측정)'!B61 -> 0 | C46: - | D46: - | E46: - | F46: - | G46: - | H46: - | I46: -
A47: 석면 (석면없음) | B47: - | C47: - | D47: - | E47: - | F47: - | G47: - | H47: - | I47: - | J47: 켐익 코퍼레이션 | K47: KMS-5100 | L47: 21.07.12 | M47: - | N47: 25.06.18 | O47: 위상차 현미경법
B48: - | C48: - | D48: - | E48: - | F48: - | G48: - | H48: - | I48: -
B49: - | C49: - | D49: - | E49: - | F49: - | G49: - | H49: - | I49: -
B50: - | C50: - | D50: - | E50: - | F50: - | G50: - | H50: - | I50: -
B51: - | C51: - | D51: - | E51: - | F51: - | G51: - | H51: - | I51: -
B52: - | C52: - | D52: - | E52: - | F52: - | G52: - | H52: - | I52: -
A53: 오존 O₃ (ppm) | B53: ='입력2(측정)'!B63 -> 교무실 | C53: ='입력2(측정)'!C63 -> 14:25 ~ 14:35 | D53: ='입력2(측정)'!D63 -> 3 | E53: ='입력2(측정)'!R63 -> 0.01 | F53: ='입력2(측정)'!S63 -> 0.013 | G53: ='입력2(측정)'!T63 -> 0.011666667 | H53: 0.06 ppm 이하 | I53: =IF(G53>0.06,"부적합","적합") -> 적합 | J53: 케이웨더(주) | K53: IAQ-SC | L53: 26.02.27 | M53: ISCFW2500037 | N53: 26.03.03.~ 26.03.06. | O53: 전기화학식
B54: - | C54: - | D54: - | E54: - | F54: - | G54: - | H54: - | I54: -
B55: - | C55: - | D55: - | E55: - | F55: - | G55: - | H55: - | I55: -
A56: 진드기 등 | B56: ='입력2(측정)'!B66 -> 보건실 | C56: ='입력2(측정)'!C66 -> 13:49 ~ 13:59 | D56: ='입력2(측정)'!D66 -> 1 | F56: ='입력2(측정)'!F66 -> 0 | G56: 20이하 | H56: 100 이하 | I56: 적합 | J56: 아산제약(주) | K56: - | L56: - | M56: - | N56: - | O56: 간이측정법
A57: TVOC (㎍/㎥) | B57: ='입력2(측정)'!B115 -> 1층 1-12반 | C57: ='입력2(측정)'!C115 -> 13:12 ~ 14:12 | D57: ='입력2(측정)'!D115 -> 2 | E57: ='입력2(측정)'!R115 -> 116.77157 | F57: ='입력2(측정)'!S115 -> 141.58957 | G57: ='입력2(측정)'!T115 -> 129.18057 | H57: 400 ㎍/㎥ 이하 | I57: =IF(G57>400,"부적합","적합") -> 적합 | J57: - | K57: - | L57: - | M57: - | N57: - | O57: -
B58: ='입력2(측정)'!B116 -> 2층 2-12반 | C58: ='입력2(측정)'!C116 -> 14:05 ~ 15:05 | D58: ='입력2(측정)'!D116 -> 2 | E58: ='입력2(측정)'!R116 -> 114.63926 | F58: ='입력2(측정)'!S116 -> 126.04542 | G58: ='입력2(측정)'!T116 -> 120.34234 | H58: 400 ㎍/㎥ 이하 | I58: =IF(G58>400,"부적합","적합") -> 적합
B59: ='입력2(측정)'!B117 -> 1층 스포티존 | C59: ='입력2(측정)'!C117 -> 13:00 ~ 14:00 | D59: ='입력2(측정)'!D117 -> 2 | E59: ='입력2(측정)'!R117 -> 150.2751 | F59: ='입력2(측정)'!S117 -> 155.85075 | G59: ='입력2(측정)'!T117 -> 153.06293 | H59: 400 ㎍/㎥ 이하 | I59: =IF(G59>400,"부적합","적합") -> 적합
A60: 벤젠 (㎍/㎥) | B60: ='입력2(측정)'!B118 -> 1층 1-12반 | C60: ='입력2(측정)'!C118 -> 13:12 ~ 14:12 | D60: ='입력2(측정)'!D118 -> 2 | E60: ='입력2(측정)'!R118 -> 23.019175 | F60: ='입력2(측정)'!S118 -> 25.933928 | G60: ='입력2(측정)'!T118 -> 24.476552 | H60: 30 ㎍/㎥ 이하 | I60: =IF(G60>30,"부적합","적합") -> 적합 | J60: - | K60: - | L60: - | M60: - | N60: - | O60: -
B61: ='입력2(측정)'!B119 -> 2층 2-12반 | C61: ='입력2(측정)'!C119 -> 14:05 ~ 15:05 | D61: ='입력2(측정)'!D119 -> 2 | E61: ='입력2(측정)'!R119 -> 21.788879 | F61: ='입력2(측정)'!S119 -> 24.340939 | G61: ='입력2(측정)'!T119 -> 23.064909 | H61: 30 ㎍/㎥ 이하 | I61: =IF(G61>30,"부적합","적합") -> 적합
B62: ='입력2(측정)'!B120 -> 1층 스포티존 | C62: ='입력2(측정)'!C120 -> 13:00 ~ 14:00 | D62: ='입력2(측정)'!D120 -> 2 | E62: ='입력2(측정)'!R120 -> 17.332718 | F62: ='입력2(측정)'!S120 -> 27.172703 | G62: ='입력2(측정)'!T120 -> 22.252711 | H62: 30 ㎍/㎥ 이하 | I62: =IF(G62>30,"부적합","적합") -> 적합
A63: 톨루엔 (㎍/㎥) | B63: ='입력2(측정)'!B124 -> 1층 1-12반 | C63: ='입력2(측정)'!C124 -> 13:12 ~ 14:12 | D63: ='입력2(측정)'!D124 -> 2 | E63: ='입력2(측정)'!R124 -> 10.445623 | F63: ='입력2(측정)'!S124 -> 12.927162 | G63: ='입력2(측정)'!T124 -> 11.686393 | H63: 1000 ㎍/㎥ 이하 | I63: =IF(G63>1000,"부적합","적합") -> 적합 | J63: - | K63: - | L63: - | M63: - | N63: - | O63: -
B64: ='입력2(측정)'!B125 -> 2층 2-12반 | C64: ='입력2(측정)'!C125 -> 14:05 ~ 15:05 | D64: ='입력2(측정)'!D125 -> 2 | E64: ='입력2(측정)'!R125 -> 7.5893834 | F64: ='입력2(측정)'!S125 -> 7.8424756 | G64: ='입력2(측정)'!T125 -> 7.7159295 | H64: 1000 ㎍/㎥ 이하 | I64: =IF(G64>1000,"부적합","적합") -> 적합
B65: ='입력2(측정)'!B126 -> 1층 스포티존 | C65: ='입력2(측정)'!C126 -> 13:00 ~ 14:00 | D65: ='입력2(측정)'!D126 -> 2 | E65: ='입력2(측정)'!R126 -> 18.671661 | F65: ='입력2(측정)'!S126 -> 20.658003 | G65: ='입력2(측정)'!T126 -> 19.664832 | H65: 1000 ㎍/㎥ 이하 | I65: =IF(G65>1000,"부적합","적합") -> 적합
A66: 에틸벤젠 (㎍/㎥) | B66: ='입력2(측정)'!B121 -> 1층 1-12반 | C66: ='입력2(측정)'!C121 -> 13:12 ~ 14:12 | D66: ='입력2(측정)'!D121 -> 2 | E66: ='입력2(측정)'!R121 -> 3.209682 | F66: ='입력2(측정)'!S121 -> 5.226694 | G66: ='입력2(측정)'!T121 -> 4.218188 | H66: 360 ㎍/㎥ 이하 | I66: =IF(G66>360,"부적합","적합") -> 적합 | J66: - | K66: - | L66: - | M66: - | N66: - | O66: -
B67: ='입력2(측정)'!B122 -> 2층 2-12반 | C67: ='입력2(측정)'!C122 -> 14:05 ~ 15:05 | D67: ='입력2(측정)'!D122 -> 2 | E67: ='입력2(측정)'!R122 -> 2.7803531 | F67: ='입력2(측정)'!S122 -> 2.8931104 | G67: ='입력2(측정)'!T122 -> 2.8367317 | H67: 360 ㎍/㎥ 이하 | I67: =IF(G67>360,"부적합","적합") -> 적합
B68: ='입력2(측정)'!B123 -> 1층 스포티존 | C68: ='입력2(측정)'!C123 -> 13:00 ~ 14:00 | D68: ='입력2(측정)'!D123 -> 2 | E68: ='입력2(측정)'!R123 -> 3.8468346 | F68: ='입력2(측정)'!S123 -> 5.3934016 | G68: ='입력2(측정)'!T123 -> 4.6201181 | H68: 360 ㎍/㎥ 이하 | I68: =IF(G68>360,"부적합","적합") -> 적합
A69: 자일렌 (㎍/㎥ | B69: ='입력2(측정)'!B127 -> 1층 1-12반 | C69: ='입력2(측정)'!C127 -> 13:12 ~ 14:12 | D69: ='입력2(측정)'!D127 -> 2 | E69: ='입력2(측정)'!R127 -> 6.580478 | F69: ='입력2(측정)'!S127 -> 9.7124185 | G69: ='입력2(측정)'!T127 -> 8.1464482 | H69: 700 ㎍/㎥ 이하 | I69: =IF(G69>700,"부적합","적합") -> 적합 | J69: - | K69: - | L69: - | M69: - | N69: - | O69: -
B70: ='입력2(측정)'!B128 -> 2층 2-12반 | C70: ='입력2(측정)'!C128 -> 14:05 ~ 15:05 | D70: ='입력2(측정)'!D128 -> 2 | E70: ='입력2(측정)'!R128 -> 6.0622065 | F70: ='입력2(측정)'!S128 -> 6.838889 | G70: ='입력2(측정)'!T128 -> 6.4505477 | H70: 700 ㎍/㎥ 이하 | I70: =IF(G70>700,"부적합","적합") -> 적합
B71: ='입력2(측정)'!B129 -> 1층 스포티존 | C71: ='입력2(측정)'!C129 -> 13:00 ~ 14:00 | D71: ='입력2(측정)'!D129 -> 2 | E71: ='입력2(측정)'!R129 -> 7.8918896 | F71: ='입력2(측정)'!S129 -> 12.599522 | G71: ='입력2(측정)'!T129 -> 10.245706 | H71: 700 ㎍/㎥ 이하 | I71: =IF(G71>700,"부적합","적합") -> 적합
A72: 스티렌 (㎍/㎥) | B72: ='입력2(측정)'!B130 -> 1층 1-12반 | C72: ='입력2(측정)'!C130 -> 13:12 ~ 14:12 | D72: ='입력2(측정)'!D130 -> 2 | E72: ='입력2(측정)'!R130 -> 0.94087966 | F72: ='입력2(측정)'!S130 -> 1.475126 | G72: ='입력2(측정)'!T130 -> 1.2080028 | H72: 300 ㎍/㎥ 이하 | I72: =IF(G72>300,"부적합","적합") -> 적합 | J72: - | K72: - | L72: - | M72: - | N72: - | O72: -
B73: ='입력2(측정)'!B131 -> 2층 2-12반 | C73: ='입력2(측정)'!C131 -> 14:05 ~ 15:05 | D73: ='입력2(측정)'!D131 -> 2 | E73: ='입력2(측정)'!R131 -> 0.49660871 | F73: ='입력2(측정)'!S131 -> 1.0224147 | G73: ='입력2(측정)'!T131 -> 0.7595117 | H73: 300 ㎍/㎥ 이하 | I73: =IF(G73>300,"부적합","적합") -> 적합
B74: ='입력2(측정)'!B132 -> 1층 스포티존 | C74: ='입력2(측정)'!C132 -> 13:00 ~ 14:00 | D74: ='입력2(측정)'!D132 -> 2 | E74: ='입력2(측정)'!R132 -> 0.85996292 | F74: ='입력2(측정)'!S132 -> 1.0812463 | G74: ='입력2(측정)'!T132 -> 0.97060461 | H74: 300 ㎍/㎥ 이하 | I74: =IF(G74>300,"부적합","적합") -> 적합
A75: 3-2 학교시설에서의 공기질 외 항목
A76: 검사항목 | B76: 검사조건 | D76: 검사 횟수 | E76: 검사결과 | H76: 유지 | I76: 평가 | J76: 측정기기 사양 | N76: 검사 방법 | O76: 비고
B77: 검사 | C77: 검사 | E77: 최소 | F77: 최대 | G77: 평균 | J77: 제조 | K77: 모델명 | L77: 제작일 | M77: 고유 번호
A79: 조도 (칠판면) | B79: ='입력2(측정)'!B76 -> 5층 1-9반 | C79: ='입력2(측정)'!C76 -> 13:03 ~ 13:13 | D79: ='입력2(측정)'!D76 -> 9 | E79: ='입력2(측정)'!R76 -> 334 | F79: ='입력2(측정)'!S76 -> 481 | G79: ='입력2(측정)'!T76 -> 405.22222 | H79: 300 Lux이상 | I79: =IF(G79>=300,"적합","부적합") -> 적합 | J79: TENMARS ELECTONICS | K79: TC10364004 | L79: 26.03.03 | M79: TM-01 | N79: 디지털 조도계
B80: ='입력2(측정)'!B78 -> 4층 1-7반 | C80: ='입력2(측정)'!C78 -> 13:15 ~ 13:25 | D80: ='입력2(측정)'!D78 -> 9 | E80: ='입력2(측정)'!R78 -> 427 | F80: ='입력2(측정)'!S78 -> 568 | G80: ='입력2(측정)'!T78 -> 504.55556 | H80: 300 Lux이상 | I80: =IF(G80>=300,"적합","부적합") -> 적합
B81: ='입력2(측정)'!B80 -> 2층 (도제)세무실무실습실 | C81: ='입력2(측정)'!C80 -> 13:26 ~ 13:36 | D81: ='입력2(측정)'!D80 -> 9 | E81: ='입력2(측정)'!R80 -> 612 | F81: ='입력2(측정)'!S80 -> 893 | G81: ='입력2(측정)'!T80 -> 745.33333 | H81: 300 Lux이상 | I81: =IF(G81>=300,"적합","부적합") -> 적합
B82: - | C82: - | D82: - | E82: - | F82: - | G82: - | H82: - | I82: -
A83: 조도 (책상면) | B83: ='입력2(측정)'!B84 -> 5층 1-9반 | C83: ='입력2(측정)'!C84 -> 13:03 ~ 13:13 | D83: ='입력2(측정)'!D84 -> 9 | E83: ='입력2(측정)'!R84 -> 732 | F83: ='입력2(측정)'!S84 -> 953 | G83: ='입력2(측정)'!T84 -> 839.77778 | H83: 300 Lux이상 | I83: =IF(G83>=300,"적합","부적합") -> 적합 | J83: TENMARS ELECTONICS | K83: TC10364004 | L83: 26.03.03 | M83: TM-01 | N83: 디지털 조도계
B84: ='입력2(측정)'!B86 -> 4층 1-7반 | C84: ='입력2(측정)'!C86 -> 13:15 ~ 13:25 | D84: ='입력2(측정)'!D86 -> 9 | E84: ='입력2(측정)'!R86 -> 689 | F84: ='입력2(측정)'!S86 -> 896 | G84: ='입력2(측정)'!T86 -> 773.55556 | H84: 300 Lux이상 | I84: =IF(G84>=300,"적합","부적합") -> 적합
B85: ='입력2(측정)'!B88 -> 2층 (도제)세무실무실습실 | C85: ='입력2(측정)'!C88 -> 13:26 ~ 13:36 | D85: ='입력2(측정)'!D88 -> 9 | E85: ='입력2(측정)'!R88 -> 642 | F85: ='입력2(측정)'!S88 -> 872 | G85: ='입력2(측정)'!T88 -> 720.11111 | H85: 300 Lux이상 | I85: =IF(G85>=300,"적합","부적합") -> 적합
B86: - | C86: - | D86: - | E86: - | F86: - | G86: - | H86: - | I86: -
A87: 조도비 (칠판면) | B87: ='입력2(측정)'!B92 -> 5층 1-9반 | C87: ='입력2(측정)'!C92 -> 13:03 ~ 13:13 | D87: - | E87: - | F87: - | G87: ='입력2(측정)'!T92 -> 1.4401198 | H87: 3:1이하 | I87: =IF(G87>3,"부적합","적합") -> 적합 | J87: TENMARS ELECTONICS | K87: TC10364004 | L87: 26.03.03 | M87: TM-01 | N87: 디지털 조도계
B88: ='입력2(측정)'!B94 -> 4층 1-7반 | C88: ='입력2(측정)'!C94 -> 13:15 ~ 13:25 | D88: - | E88: - | F88: - | G88: ='입력2(측정)'!T94 -> 1.3302108 | H88: 3:1이하 | I88: =IF(G88>3,"부적합","적합") -> 적합
B89: ='입력2(측정)'!B96 -> 2층 (도제)세무실무실습실 | C89: ='입력2(측정)'!C96 -> 13:26 ~ 13:36 | D89: - | E89: - | F89: - | G89: ='입력2(측정)'!T96 -> 1.4591503 | H89: 3:1이하 | I89: =IF(G89>3,"부적합","적합") -> 적합
B90: - | C90: - | D90: - | E90: - | F90: - | G90: - | H90: - | I90: -
A91: 조도비 (책상면) | B91: ='입력2(측정)'!B100 -> 5층 1-9반 | C91: ='입력2(측정)'!C100 -> 13:03 ~ 13:13 | D91: - | E91: - | F91: - | G91: ='입력2(측정)'!T100 -> 1.3019126 | H91: 3:1이하 | I91: =IF(G91>3,"부적합","적합") -> 적합 | J91: TENMARS ELECTONICS | K91: TC10364004 | L91: 26.03.03 | M91: TM-01 | N91: 디지털 조도계
B92: ='입력2(측정)'!B102 -> 4층 1-7반 | C92: ='입력2(측정)'!C102 -> 13:15 ~ 13:25 | D92: - | E92: - | F92: - | G92: ='입력2(측정)'!T102 -> 1.3004354 | H92: 3:1이하 | I92: =IF(G92>3,"부적합","적합") -> 적합
B93: ='입력2(측정)'!B104 -> 2층 (도제)세무실무실습실 | C93: ='입력2(측정)'!C104 -> 13:26 ~ 13:36 | D93: - | E93: - | F93: - | G93: ='입력2(측정)'!T104 -> 1.3582555 | H93: 3:1이하 | I93: =IF(G93>3,"부적합","적합") -> 적합
B94: - | C94: - | D94: - | E94: - | F94: - | G94: - | H94: - | I94: -
A95: 온도 (℃) | B95: ='입력2(측정)'!B5 -> 5층 2-11반 | C95: ='입력2(측정)'!C5 -> 14:02 ~ 14:12 | D95: ='입력2(측정)'!D5 -> 3 | E95: ='입력2(측정)'!R5 -> 25.2 | F95: ='입력2(측정)'!S5 -> 25.8 | G95: ='입력2(측정)'!T5 -> 25.5 | H95: 18~28℃ | I95: =IF(AND(G95>=18,G95<=28),"적합","부적합") -> 적합 | J95: 케이웨더(주) | K95: IAQ-SC | L95: 26.02.27 | M95: TM-01 | N95: 반도체 (Band Gap)
B96: ='입력2(측정)'!B6 -> 4층 2-4반 | C96: ='입력2(측정)'!C6 -> 14:13 ~ 14:23 | D96: ='입력2(측정)'!D6 -> 3 | E96: ='입력2(측정)'!R6 -> 24.9 | F96: ='입력2(측정)'!S6 -> 25.3 | G96: ='입력2(측정)'!T6 -> 25.1 | H96: 18~28℃ | I96: =IF(AND(G96>=18,G96<=28),"적합","부적합") -> 적합
B97: ='입력2(측정)'!B7 -> 1층 (도제)회계실무실습실 | C97: ='입력2(측정)'!C7 -> 15:00 ~ 15:10 | D97: ='입력2(측정)'!D7 -> 3 | E97: ='입력2(측정)'!R7 -> 25.3 | F97: ='입력2(측정)'!S7 -> 26.2 | G97: ='입력2(측정)'!T7 -> 25.733333 | H97: 18~28℃ | I97: =IF(AND(G97>=18,G97<=28),"적합","부적합") -> 적합
B98: - | C98: - | D98: - | E98: - | F98: - | G98: - | H98: - | I98: -
B99: - | C99: - | D99: - | E99: - | F99: - | G99: - | H99: - | I99: -
B100: - | C100: - | D100: - | E100: - | F100: - | G100: - | H100: - | I100: -
B101: - | C101: - | D101: - | E101: - | F101: - | G101: - | H101: - | I101: - | M101: TM-01 | N101: 디지털 조도계
A102: 습도 (%) | B102: ='입력2(측정)'!B12 -> 5층 2-11반 | C102: ='입력2(측정)'!C12 -> 14:02 ~ 14:12 | D102: ='입력2(측정)'!D12 -> 3 | E102: ='입력2(측정)'!R12 -> 40.47 | F102: ='입력2(측정)'!S12 -> 42.6 | G102: ='입력2(측정)'!T12 -> 41.39 | H102: 30~80% | I102: =IF(AND(G102>=30,G102<=80),"적합","부적합") -> 적합 | J102: 케이웨더(주) | K102: IAQ-SC | L102: 26.02.27 | M102: ISCFW2500037 | N102: 정전용량
...

Sheet 측정사진
B1: 측정사진
B12: 강당 | G12: 급식시설
B23: 보건실 | G23: 빈교실 일반교실
B34: 수업중 일반교실 | G34: 특별점검 1-1반

Sheet 실내공기질 측정기록부
B2: [별지 제21호서식]
B3: 실내공기질 측정기록부
B4: ① 의 뢰 인 | C4: 상호(기관명) | D4: ='입력1(학교시설명 등 기본사항 입력) 보고서1,2'!C2 -> 평촌경영고등학교 | G4: ② 의뢰 내용 | H4: 측정용도 | I4: 자가측정용
C5: 소재지(주소) | D5: ='입력1(학교시설명 등 기본사항 입력) 보고서1,2'!C3 -> 경기도 안양시 동안구 학의로 186 | H5: 시설명 | I5: 학교시설
C6: 대표자 (의뢰인) | D6: ='입력1(학교시설명 등 기본사항 입력) 보고서1,2'!H2 -> 손옥기 | H6: 규모 | I6: -
C7: 관리책임자 | D7: 김신영 | H7: 의뢰항목 | I7: 정기점검
B8: ② 시료채취 | C8: 측정지점 | D8: 온도 (°C) 기준 (18~28) | E8: 습도 (%) (30~80) | F8: 환기 | G8: O₃(오존) (0.06ppm) | H8: 소음 (dB) (55 이하) | I8: 조도
I9: 조도 칠판면(lux) (300 이상) | J9: 비(최대:최소) (3:1) | K9: 책상면(lux) (300 이상) | L9: 비(최대:최소) (3:1)
C10: =보고서3!B95 -> 5층 2-11반 | D10: =보고서3!G95 -> 25.5 | E10: =보고서3!G102 -> 41.39 | F10: =보고서3!G113 -> 57.04408 | G10: - | H10: - | I10: - | J10: - | K10: - | L10: -
C11: =보고서3!B96 -> 4층 2-4반 | D11: =보고서3!G96 -> 25.1 | E11: =보고서3!G103 -> 45.666667 | F11: =보고서3!G114 -> 57.996485 | G11: - | H11: - | I11: - | J11: - | K11: - | L11: -
C12: =보고서3!B97 -> 1층 (도제)회계실무실습실 | D12: =보고서3!G97 -> 25.733333 | E12: =보고서3!G104 -> 51.7 | F12: =보고서3!G115 -> 70.73955 | G12: - | H12: - | I12: - | J12: - | K12: - | L12: -
C13: =보고서3!B98 -> - | D13: =보고서3!G98 -> - | E13: =보고서3!G105 -> - | F13: =보고서3!G116 -> - | G13: - | H13: - | I13: - | J13: - | K13: -
C14: ='입력2(측정)'!B68 -> 4층 1-7반 | D14: =보고서3!G99 -> - | E14: =보고서3!G106 -> - | F14: ='입력2(측정)'!#REF! -> #REF! | G14: - | H14: - | I14: ='입력2(측정)'!T78 -> 504.55556 | J14: ='입력2(측정)'!T94 -> 1.3302108 | K14: ='입력2(측정)'!T86 -> 773.55556 | L14: ='입력2(측정)'!T102 -> 1.3004354
C15: =보고서3!B23 -> 5층 1-9반 | D15: - | E15: - | F15: - | G15: - | H15: =보고서3!G109 -> 47.6 | I15: =보고서3!G79 -> 405.22222 | J15: =보고서3!G87 -> 1.4401198 | K15: =보고서3!G83 -> 839.77778 | L15: =보고서3!G91 -> 1.3019126
C16: =보고서3!B24 -> 4층 1-7반 | D16: - | E16: - | F16: - | G16: - | H16: =보고서3!G110 -> 48.95 | I16: =보고서3!G80 -> 504.55556 | J16: =보고서3!G88 -> 1.3302108 | K16: =보고서3!G84 -> 773.55556 | L16: =보고서3!G92 -> 1.3004354
C17: =보고서3!B25 -> 2층 (도제)세무실무실습실 | D17: - | E17: - | F17: - | G17: - | H17: =보고서3!G111 -> 50.5 | I17: =보고서3!G81 -> 745.33333 | J17: =보고서3!G89 -> 1.4591503 | K17: =보고서3!G85 -> 720.11111 | L17: =보고서3!G93 -> 1.3582555
C18: =보고서3!B26 -> - | D18: - | E18: - | F18: - | G18: - | H18: =보고서3!G112 -> - | I18: =보고서3!G82 -> - | J18: =보고서3!G90 -> - | K18: =보고서3!G86 -> - | L18: =보고서3!G94 -> -
C19: =보고서3!B53 -> 교무실 | D19: - | E19: - | F19: - | G19: =보고서3!G53 -> 0.011666667 | H19: - | I19: - | J19: - | K19: - | L19: -
C20: 채취자 의견 | D20: 특이사항 없음
C21: 시료채취일 | D21: ='입력1(학교시설명 등 기본사항 입력) 보고서1,2'!C13 -> 2026.06.10 | G21: 시료채취자 | J21: 박정식 (인)
B22: ④ 측정 분석 결과 | C22: 측정지점 | D22: 측정시간 | E22: PM10 (75µg/㎥) | F22: PM10 (150µg/㎥) | G22: PM2.5 (35µg/㎥) | H22: CO2 (1,000ppm) | I22: CO (10ppm) | J22: NO2 (0.05ppm) | K22: 총부유세균 (800CFU/㎥) | L22: HCHO (80µg/㎥)
C23: =보고서3!B5 -> 5층 2-11반 | D23: =보고서3!C5 -> 14:02 ~ 14:12 | E23: =보고서3!G5 -> 11.8 | F23: - | G23: =보고서3!G12 -> 10.8 | H23: =보고서3!G17 -> 814.66667 | I23: =보고서3!G39 -> 1.9166667 | J23: =보고서3!G42 -> 0.02 | K23: =보고서3!G31 -> 80.852563 | L23: -
C24: =보고서3!B6 -> 4층 2-4반 | D24: =보고서3!C6 -> 14:13 ~ 14:23 | E24: =보고서3!G6 -> 16.8 | F24: - | G24: =보고서3!G13 -> 15.8 | H24: =보고서3!G18 -> 808.33333 | I24: - | J24: - | K24: =보고서3!G32 -> 242.16029 | L24: -
C25: =보고서3!B7 -> 1층 (도제)회계실무실습실 | D25: =보고서3!C7 -> 15:00 ~ 15:10 | E25: =보고서3!G7 -> 14.2 | F25: - | G25: =보고서3!G14 -> 13.2 | H25: =보고서3!G19 -> 740 | I25: - | J25: - | K25: =보고서3!G33 -> 30.304173 | L25: -
C26: =보고서3!B8 -> - | D26: =보고서3!C8 -> - | E26: =보고서3!G8 -> - | F26: - | G26: =보고서3!G15 -> - | H26: =보고서3!G20 -> - | I26: - | J26: - | K26: =보고서3!G34 -> - | L26: -
C27: =보고서3!B10 -> 체육관 | D27: =보고서3!C10 -> 13:38 ~ 13:48 | E27: - | F27: =보고서3!G10 -> 24.9 | G27: - | H27: - | I27: - | J27: - | K27: - | L27: -
C28: =보고서3!B11 -> - | D28: =보고서3!C11 -> - | E28: - | F28: =보고서3!G11 -> - | G28: - | H28: - | I28: - | J28: - | K28: - | L28: -
C29: =보고서3!B23 -> 5층 1-9반 | D29: =보고서3!C23 -> 13:03 ~ 13:13 | E29: - | F29: - | G29: - | H29: - | I29: - | J29: - | K29: - | L29: =보고서3!G23 -> 30.666667
C30: =보고서3!B24 -> 4층 1-7반 | D30: =보고서3!C24 -> 13:15 ~ 13:25 | E30: - | F30: - | G30: - | H30: - | I30: - | J30: - | K30: - | L30: =보고서3!G24 -> 43
C31: =보고서3!B25 -> 2층 (도제)세무실무실습실 | D31: =보고서3!C25 -> 13:26 ~ 13:36 | E31: - | F31: - | G31: - | H31: - | I31: - | J31: - | K31: - | L31: =보고서3!G25 -> 34
C32: =보고서3!B26 -> - | D32: =보고서3!C26 -> - | E32: - | F32: - | G32: - | H32: - | I32: - | J32: - | K32: - | L32: =보고서3!G26 -> -
C33: =보고서3!B9 -> 급식시설 | D33: =보고서3!C9 -> 14:46 ~ 14:56 | E33: =보고서3!G9 -> 15.8 | F33: - | G33: =보고서3!G16 -> 14.8 | H33: =보고서3!G21 -> 565.66667 | I33: - | J33: - | K33: - | L33: =보고서3!G27 -> 60.666667
C34: 측정지점 | D34: 측정시간 | E34: 낙하세균 (10CFU/실) | F34: 진드기 (100마리/㎡) | G34: Rn (148Bq/㎥) | I34: 석면 (0.01개/cc) | K34: -
C35: =보고서3!B35 -> 급식시설 | D35: =보고서3!C35 -> 14:46 ~ 14:56 | E35: =보고서3!G35 -> 0 | F35: - | G35: - | I35: ='입력2(측정)'!E57 -> 0 | K35: -
C36: =보고서3!B36 -> 보건실 | D36: =보고서3!C36 -> 13:49 ~ 13:59 | E36: =보고서3!G36 -> 0.66666667 | F36: =보고서3!G56 -> 20이하 | G36: - | I36: ='입력2(측정)'!E58 -> 0 | K36: -
D37: =보고서3!C45 -> 2026-03-30~ 2026-06-29 | E37: - | F37: - | G37: =보고서3!G45 -> - | I37: =보고서3!G47 -> - | K37: -
C38: =보고서3!B48 -> - | D38: =보고서3!C48 -> - | E38: - | F38: - | G38: - | I38: =보고서3!G48 -> - | K38: -
C39: =보고서3!B49 -> - | D39: =보고서3!C49 -> - | E39: - | F39: - | G39: - | I39: =보고서3!G49 -> - | K39: -
C40: =보고서3!B50 -> - | D40: =보고서3!C50 -> - | E40: - | F40: - | G40: - | I40: =보고서3!G50 -> - | K40: -
C41: 측정지점 | D41: 측정시간 | E41: HCHO (80µg/㎥) | F41: TVOC (400µg/㎥) | G41: 벤젠 (30µg/㎥) | H41: 톨루엔 (1,000µg/㎥) | I41: 에틸벤젠 (350µg/㎥) | J41: 자일렌 (700µg/㎥) | K41: 스티렌 (300µg/㎥) | L41: -
C42: =보고서3!B57 -> 1층 1-12반 | D42: =보고서3!C57 -> 13:12 ~ 14:12 | E42: =보고서3!G28 -> 15.546023 | F42: =보고서3!G57 -> 129.18057 | G42: =보고서3!G60 -> 24.476552 | H42: =보고서3!G63 -> 11.686393 | I42: =보고서3!G66 -> 4.218188 | J42: =보고서3!G69 -> 8.1464482 | K42: =보고서3!G72 -> 1.2080028 | L42: -
C43: =보고서3!B58 -> 2층 2-12반 | D43: =보고서3!C58 -> 14:05 ~ 15:05 | E43: =보고서3!G29 -> 8.6318761 | F43: =보고서3!G58 -> 120.34234 | G43: =보고서3!G61 -> 23.064909 | H43: =보고서3!G64 -> 7.7159295 | I43: =보고서3!G67 -> 2.8367317 | J43: =보고서3!G70 -> 6.4505477 | K43: =보고서3!G73 -> 0.7595117 | L43: -
C44: =보고서3!B59 -> 1층 스포티존 | D44: =보고서3!C59 -> 13:00 ~ 14:00 | E44: =보고서3!G30 -> 27.402316 | F44: =보고서3!G59 -> 153.06293 | G44: =보고서3!G62 -> 22.252711 | H44: =보고서3!G65 -> 19.664832 | I44: =보고서3!G68 -> 4.6201181 | J44: =보고서3!G71 -> 10.245706 | K44: =보고서3!G74 -> 0.97060461 | L44: -
C45: 분석기간 | D45: 2026.06.12~2026.06.16. | H45: 분석자 | I45: 분석자 | J45: 유재혁
B46: ⑤ 평가기준 | D46: 모든항목 기준치 적합
B47: 위와 같이 측정분석결과를 사실대로 기록합니다.
B49: 2026 년 06 월 23 일
B50: 한국환경보건연구소(주) 주 소 : 경기도 용인시 기흥구 금화로 106, 3층 연락처 : 031-693-9640

Sheet 시료인계서
A3: 시료접수 및 인계서
A4: 시료채취일시 | C4: ='입력1(학교시설명 등 기본사항 입력) 보고서1,2'!C13 -> 2026.06.10 | H4: HCHO | I4: 포름알데하이드
A5: 대상시설(시료명) | C5: ='입력1(학교시설명 등 기본사항 입력) 보고서1,2'!C2 -> 평촌경영고등학교 | H5: VOC | I5: 총휘발성유기화합물
A6: 시험항목 | C6: HCHO, VOC, BBA, NBA | H6: PM2.5 | I6: 초미세먼지
A7: 시료 인계 사항 | B7: 시험항목 | C7: 시설명 | D7: 시료 구분명 | E7: 시료번호 | F7: 흡착관 번호 (TVOC측정시) | G7: 시료번호 | H7: PM10 | I7: 미세먼지
B8: 포름알데하이드 | C8: =$C$5 -> 평촌경영고등학교 | D8: HCHO | E8: 1 | G8: =CONCATENATE(D8,"-",E8,"-",F8) -> HCHO-1- | H8: BMD | I8: 곰팡이
B9: 포름알데하이드 | C9: =$C$5 -> 평촌경영고등학교 | D9: HCHO | E9: 2 | G9: =CONCATENATE(D9,"-",E9,"-",F9) -> HCHO-2- | H9: BBA | I9: 부유세균
B10: 포름알데하이드 | C10: =$C$5 -> 평촌경영고등학교 | D10: HCHO | E10: 3 | G10: =CONCATENATE(D10,"-",E10,"-",F10) -> HCHO-3- | H10: NBA | I10: 낙하세균
B11: 포름알데하이드 | C11: =$C$5 -> 평촌경영고등학교 | D11: HCHO | E11: 4 | G11: =CONCATENATE(D11,"-",E11,"-",F11) -> HCHO-4- | H11: AB | I11: 석면
B12: 포름알데하이드 | C12: =$C$5 -> 평촌경영고등학교 | D12: HCHO | E12: 5 | G12: =CONCATENATE(D12,"-",E12,"-",F12) -> HCHO-5-
B13: 포름알데하이드 | C13: =$C$5 -> 평촌경영고등학교 | D13: HCHO | E13: 6 | G13: =CONCATENATE(D13,"-",E13,"-",F13) -> HCHO-6-
B14: 총휘발성유기화합물 | C14: =$C$5 -> 평촌경영고등학교 | D14: VOC | E14: 1 | F14: A10741 | G14: =CONCATENATE(D14,"-",E14,"-",F14) -> VOC-1-A10741
B15: 총휘발성유기화합물 | C15: =$C$5 -> 평촌경영고등학교 | D15: VOC | E15: 2 | F15: A11429 | G15: =CONCATENATE(D15,"-",E15,"-",F15) -> VOC-2-A11429
B16: 총휘발성유기화합물 | C16: =$C$5 -> 평촌경영고등학교 | D16: VOC | E16: 3 | F16: A11416 | G16: =CONCATENATE(D16,"-",E16,"-",F16) -> VOC-3-A11416
B17: 총휘발성유기화합물 | C17: =$C$5 -> 평촌경영고등학교 | D17: VOC | E17: 4 | F17: A11417 | G17: =CONCATENATE(D17,"-",E17,"-",F17) -> VOC-4-A11417
B18: 총휘발성유기화합물 | C18: =$C$5 -> 평촌경영고등학교 | D18: VOC | E18: 5 | F18: A08800 | G18: =CONCATENATE(D18,"-",E18,"-",F18) -> VOC-5-A08800
B19: 총휘발성유기화합물 | C19: =$C$5 -> 평촌경영고등학교 | D19: VOC | E19: 6 | F19: A11412 | G19: =CONCATENATE(D19,"-",E19,"-",F19) -> VOC-6-A11412
B20: 부유세균 | C20: =$C$5 -> 평촌경영고등학교 | D20: BBA | E20: 1 | G20: =CONCATENATE(D20,"-",E20,"-",F20) -> BBA-1-
B21: 부유세균 | C21: =$C$5 -> 평촌경영고등학교 | D21: BBA | E21: 2 | G21: =CONCATENATE(D21,"-",E21,"-",F21) -> BBA-2-
B22: 부유세균 | C22: =$C$5 -> 평촌경영고등학교 | D22: BBA | E22: 3 | G22: =CONCATENATE(D22,"-",E22,"-",F22) -> BBA-3-
B23: 낙하세균 | C23: =$C$5 -> 평촌경영고등학교 | D23: NBA | E23: 1 | G23: =CONCATENATE(D23,"-",E23,"-",F23) -> NBA-1-
B24: 낙하세균 | C24: =$C$5 -> 평촌경영고등학교 | D24: NBA | E24: 2 | G24: =CONCATENATE(D24,"-",E24,"-",F24) -> NBA-2-
B25: 낙하세균 | C25: =$C$5 -> 평촌경영고등학교 | D25: NBA | E25: 3 | G25: =CONCATENATE(D25,"-",E25,"-",F25) -> NBA-3-
B26: 낙하세균 | C26: =$C$5 -> 평촌경영고등학교 | D26: NBA | E26: 4 | G26: =CONCATENATE(D26,"-",E26,"-",F26) -> NBA-4-
B27: 낙하세균 | C27: =$C$5 -> 평촌경영고등학교 | D27: NBA | E27: 5 | G27: =CONCATENATE(D27,"-",E27,"-",F27) -> NBA-5-
B28: 낙하세균 | C28: =$C$5 -> 평촌경영고등학교 | D28: NBA | E28: 6 | G28: =CONCATENATE(D28,"-",E28,"-",F28) -> NBA-6-
C29: =$C$5 -> 평촌경영고등학교 | G29: =CONCATENATE(D29,"-",E29,"-",F29) -> --
C30: =$C$5 -> 평촌경영고등학교 | G30: =CONCATENATE(D30,"-",E30,"-",F30) -> -- | J30: HCHO
C31: =$C$5 -> 평촌경영고등학교 | G31: =CONCATENATE(D31,"-",E31,"-",F31) -> -- | J31: VOC
C32: =$C$5 -> 평촌경영고등학교 | G32: =CONCATENATE(D32,"-",E32,"-",F32) -> -- | J32: PM2.5
C33: =$C$5 -> 평촌경영고등학교 | G33: =CONCATENATE(D33,"-",E33,"-",F33) -> -- | J33: PM10
A34: 시료접수일 | B34: 46183 | J34: BMD
A35: 인계자 | B35: 박정식 | F35: (서명 또는 인) | J35: BBA
A36: 인수자 | B36: 유재혁 | F36: (서명 또는 인) | J36: NBA
A37: 기타 | J37: JIN
A38: *첨부서류 1. 시료채취기록부
A43: KEH-QPI서식-17-01 (Rev. 00) A4(210×297mm)

Sheet 시료번호 입렵
A1: 채취 시료 정보
A3: 측정일 | B3: 측정자 | C3: 시설명 | D3: 측정위치 | E3: 측정항목 | F3: 시료번호 | H3: 비고
F4: 시설명 | G4: 시료번호
A5: =시료인계서!$C$4 -> 2026.06.10 | B5: ='입력1(학교시설명 등 기본사항 입력) 보고서1,2'!$I$15 -> 박정식 | C5: =시료인계서!$C$5 -> 평촌경영고등학교 | D5: 1층 1-12 | E5: =시료인계서!$B$8 -> 포름알데하이드 | F5: =시료인계서!C8 -> 평촌경영고등학교 | G5: =시료인계서!G8 -> HCHO-1-
A6: =시료인계서!$C$4 -> 2026.06.10 | B6: ='입력1(학교시설명 등 기본사항 입력) 보고서1,2'!$I$15 -> 박정식 | C6: =시료인계서!$C$5 -> 평촌경영고등학교 | D6: 1층 1-12 | E6: =시료인계서!$B$9 -> 포름알데하이드 | F6: =시료인계서!C9 -> 평촌경영고등학교 | G6: =시료인계서!G9 -> HCHO-2-
A7: =시료인계서!$C$4 -> 2026.06.10 | B7: ='입력1(학교시설명 등 기본사항 입력) 보고서1,2'!$I$15 -> 박정식 | C7: =시료인계서!$C$5 -> 평촌경영고등학교 | D7: 1층 2-12 | E7: =시료인계서!$B$10 -> 포름알데하이드 | F7: =시료인계서!C10 -> 평촌경영고등학교 | G7: =시료인계서!G10 -> HCHO-3-
A8: =시료인계서!$C$4 -> 2026.06.10 | B8: ='입력1(학교시설명 등 기본사항 입력) 보고서1,2'!$I$15 -> 박정식 | C8: =시료인계서!$C$5 -> 평촌경영고등학교 | D8: 1층 2-12 | E8: =시료인계서!$B$11 -> 포름알데하이드 | F8: =시료인계서!C11 -> 평촌경영고등학교 | G8: =시료인계서!G11 -> HCHO-4-
A9: =시료인계서!$C$4 -> 2026.06.10 | B9: ='입력1(학교시설명 등 기본사항 입력) 보고서1,2'!$I$15 -> 박정식 | C9: =시료인계서!$C$5 -> 평촌경영고등학교 | D9: 1층 스포티존 | E9: =시료인계서!$B$12 -> 포름알데하이드 | F9: =시료인계서!C12 -> 평촌경영고등학교 | G9: =시료인계서!G12 -> HCHO-5-
A10: =시료인계서!$C$4 -> 2026.06.10 | B10: ='입력1(학교시설명 등 기본사항 입력) 보고서1,2'!$I$15 -> 박정식 | C10: =시료인계서!$C$5 -> 평촌경영고등학교 | D10: 1층 스포티존 | E10: =시료인계서!$B$13 -> 포름알데하이드 | F10: =시료인계서!C13 -> 평촌경영고등학교 | G10: =시료인계서!G13 -> HCHO-6-
A11: =시료인계서!$C$4 -> 2026.06.10 | B11: ='입력1(학교시설명 등 기본사항 입력) 보고서1,2'!$I$15 -> 박정식 | C11: =시료인계서!$C$5 -> 평촌경영고등학교 | D11: 1층 1-12 | E11: =시료인계서!$B$14 -> 총휘발성유기화합물 | F11: =시료인계서!C14 -> 평촌경영고등학교 | G11: =시료인계서!G14 -> VOC-1-A10741
A12: =시료인계서!$C$4 -> 2026.06.10 | B12: ='입력1(학교시설명 등 기본사항 입력) 보고서1,2'!$I$15 -> 박정식 | C12: =시료인계서!$C$5 -> 평촌경영고등학교 | D12: 1층 1-12 | E12: =시료인계서!$B$15 -> 총휘발성유기화합물 | F12: =시료인계서!C15 -> 평촌경영고등학교 | G12: =시료인계서!G15 -> VOC-2-A11429
A13: =시료인계서!$C$4 -> 2026.06.10 | B13: ='입력1(학교시설명 등 기본사항 입력) 보고서1,2'!$I$15 -> 박정식 | C13: =시료인계서!$C$5 -> 평촌경영고등학교 | D13: 1층 2-12 | E13: =시료인계서!$B$16 -> 총휘발성유기화합물 | F13: =시료인계서!C16 -> 평촌경영고등학교 | G13: =시료인계서!G16 -> VOC-3-A11416
A14: =시료인계서!$C$4 -> 2026.06.10 | B14: ='입력1(학교시설명 등 기본사항 입력) 보고서1,2'!$I$15 -> 박정식 | C14: =시료인계서!$C$5 -> 평촌경영고등학교 | D14: 1층 2-12 | E14: =시료인계서!$B$17 -> 총휘발성유기화합물 | F14: =시료인계서!C17 -> 평촌경영고등학교 | G14: =시료인계서!G17 -> VOC-4-A11417
A15: =시료인계서!$C$4 -> 2026.06.10 | B15: ='입력1(학교시설명 등 기본사항 입력) 보고서1,2'!$I$15 -> 박정식 | C15: =시료인계서!$C$5 -> 평촌경영고등학교 | D15: 1층 스포티존 | E15: =시료인계서!$B$18 -> 총휘발성유기화합물 | F15: =시료인계서!C18 -> 평촌경영고등학교 | G15: =시료인계서!G18 -> VOC-5-A08800
A16: =시료인계서!$C$4 -> 2026.06.10 | B16: ='입력1(학교시설명 등 기본사항 입력) 보고서1,2'!$I$15 -> 박정식 | C16: =시료인계서!$C$5 -> 평촌경영고등학교 | D16: 1층 스포티존 | E16: =시료인계서!$B$19 -> 총휘발성유기화합물 | F16: =시료인계서!C19 -> 평촌경영고등학교 | G16: =시료인계서!G19 -> VOC-6-A11412
A17: =시료인계서!$C$4 -> 2026.06.10 | B17: ='입력1(학교시설명 등 기본사항 입력) 보고서1,2'!$I$15 -> 박정식 | C17: =시료인계서!$C$5 -> 평촌경영고등학교 | D17: 5층 2-11 | E17: =시료인계서!$B$20 -> 부유세균 | F17: =시료인계서!C20 -> 평촌경영고등학교 | G17: =시료인계서!G20 -> BBA-1-
A18: =시료인계서!$C$4 -> 2026.06.10 | B18: ='입력1(학교시설명 등 기본사항 입력) 보고서1,2'!$I$15 -> 박정식 | C18: =시료인계서!$C$5 -> 평촌경영고등학교 | D18: 4층 2-4 | E18: =시료인계서!$B$21 -> 부유세균 | F18: =시료인계서!C21 -> 평촌경영고등학교 | G18: =시료인계서!G21 -> BBA-2-
A19: =시료인계서!$C$4 -> 2026.06.10 | B19: ='입력1(학교시설명 등 기본사항 입력) 보고서1,2'!$I$15 -> 박정식 | C19: =시료인계서!$C$5 -> 평촌경영고등학교 | D19: 1층 (도제)회계실무실습실 | E19: =시료인계서!$B$22 -> 부유세균 | F19: =시료인계서!C22 -> 평촌경영고등학교 | G19: =시료인계서!G22 -> BBA-3-
A20: =시료인계서!$C$4 -> 2026.06.10 | B20: ='입력1(학교시설명 등 기본사항 입력) 보고서1,2'!$I$15 -> 박정식 | C20: =시료인계서!$C$5 -> 평촌경영고등학교 | D20: 보건실 | E20: =시료인계서!$B$23 -> 낙하세균 | F20: =시료인계서!C23 -> 평촌경영고등학교 | G20: =시료인계서!G23 -> NBA-1-
A21: =시료인계서!$C$4 -> 2026.06.10 | B21: ='입력1(학교시설명 등 기본사항 입력) 보고서1,2'!$I$15 -> 박정식 | C21: =시료인계서!$C$5 -> 평촌경영고등학교 | D21: 보건실 | E21: =시료인계서!$B$24 -> 낙하세균 | F21: =시료인계서!C24 -> 평촌경영고등학교 | G21: =시료인계서!G24 -> NBA-2-
A22: =시료인계서!$C$4 -> 2026.06.10 | B22: ='입력1(학교시설명 등 기본사항 입력) 보고서1,2'!$I$15 -> 박정식 | C22: =시료인계서!$C$5 -> 평촌경영고등학교 | D22: 보건실 | E22: =시료인계서!$B$25 -> 낙하세균 | F22: =시료인계서!C25 -> 평촌경영고등학교 | G22: =시료인계서!G25 -> NBA-3-
A23: =시료인계서!$C$4 -> 2026.06.10 | B23: ='입력1(학교시설명 등 기본사항 입력) 보고서1,2'!$I$15 -> 박정식 | C23: =시료인계서!$C$5 -> 평촌경영고등학교 | D23: 급식시설 | E23: =시료인계서!$B$26 -> 낙하세균 | F23: =시료인계서!C26 -> 평촌경영고등학교 | G23: =시료인계서!G26 -> NBA-4-
A24: =시료인계서!$C$4 -> 2026.06.10 | B24: ='입력1(학교시설명 등 기본사항 입력) 보고서1,2'!$I$15 -> 박정식 | C24: =시료인계서!$C$5 -> 평촌경영고등학교 | D24: 급식시설 | E24: =시료인계서!$B$27 -> 낙하세균 | F24: =시료인계서!C27 -> 평촌경영고등학교 | G24: =시료인계서!G27 -> NBA-5-
A25: =시료인계서!$C$4 -> 2026.06.10 | B25: ='입력1(학교시설명 등 기본사항 입력) 보고서1,2'!$I$15 -> 박정식 | C25: =시료인계서!$C$5 -> 평촌경영고등학교 | D25: 급식시설 | E25: =시료인계서!$B$28 -> 낙하세균 | F25: =시료인계서!C28 -> 평촌경영고등학교 | G25: =시료인계서!G28 -> NBA-6-
A26: =시료인계서!$C$4 -> 2026.06.10 | B26: ='입력1(학교시설명 등 기본사항 입력) 보고서1,2'!$I$15 -> 박정식 | C26: =시료인계서!$C$5 -> 평촌경영고등학교 | E26: =시료인계서!$B$29 -> 0 | F26: =시료인계서!C29 -> 평촌경영고등학교 | G26: =시료인계서!G29 -> --
A27: =시료인계서!$C$4 -> 2026.06.10 | B27: ='입력1(학교시설명 등 기본사항 입력) 보고서1,2'!$I$15 -> 박정식 | C27: =시료인계서!$C$5 -> 평촌경영고등학교 | E27: =시료인계서!$B$32 -> 0 | F27: =시료인계서!C30 -> 평촌경영고등학교 | G27: =시료인계서!G30 -> --
A28: =시료인계서!$C$4 -> 2026.06.10 | B28: ='입력1(학교시설명 등 기본사항 입력) 보고서1,2'!$I$15 -> 박정식 | C28: =시료인계서!$C$5 -> 평촌경영고등학교 | E28: =시료인계서!$B$33 -> 0 | F28: =시료인계서!C31 -> 평촌경영고등학교 | G28: =시료인계서!G31 -> --
A29: =시료인계서!$C$4 -> 2026.06.10 | B29: ='입력1(학교시설명 등 기본사항 입력) 보고서1,2'!$I$15 -> 박정식 | C29: =시료인계서!$C$5 -> 평촌경영고등학교 | E29: =시료인계서!$B$34 -> 46183 | F29: =시료인계서!C32 -> 평촌경영고등학교 | G29: =시료인계서!G32 -> --
A30: =시료인계서!$C$4 -> 2026.06.10 | B30: ='입력1(학교시설명 등 기본사항 입력) 보고서1,2'!$I$15 -> 박정식 | C30: =시료인계서!$C$5 -> 평촌경영고등학교 | E30: =시료인계서!$B$35 -> 박정식 | F30: =시료인계서!C33 -> 평촌경영고등학교 | G30: =시료인계서!G33 -> --
G31: =시료인계서!G34 -> 0
G32: =시료인계서!G35 -> 0

Sheet 포집유량 보정
A1: 펌프유량 보정
A2: NO | B2: 측정자 | C2: 측정일 | D2: 학교명 | E2: 측정위치 | F2: 측정항목 | G2: 시료종류 | H2: 측정장비 | I2: 포집 유송(L/min) | K2: 평균 유속 (L/min) | L2: 포집시간 (min) | M2: 총포집유량(V) | N2: 온도 압력 보정 (V25℃,1기압)
I3: 측정 전 | J3: 측정 후
A4: 1 | F4: 포름알데하이드 | K4: =AVERAGE(I4:J4) -> #DIV/0! | M4: =K4*L4 -> #DIV/0!
A5: 2 | F5: 포름알데하이드 | K5: =AVERAGE(I5:J5) -> #DIV/0! | M5: =K5*L5 -> #DIV/0!
A6: 3 | F6: 총휘발성유기화합물 | K6: =AVERAGE(I6:J6) -> #DIV/0! | M6: =K6*L6 -> #DIV/0!
A7: 4 | F7: 총휘발성유기화합물 | K7: =AVERAGE(I7:J7) -> #DIV/0! | M7: =K7*L7 -> #DIV/0!
A8: 5 | F8: 부유세균 | I8: 100 | J8: 100 | K8: =AVERAGE(I8:J8) -> 100 | L8: 1 | M8: =K8*L8/1000 -> 0.1 | N8: =M8*(298/(273+'입력2(측정)'!T5)*('입력2(측정)'!M5/1013)) -> 0.098945534
A9: 6 | F9: 부유세균 | I9: 100 | J9: 100 | K9: =AVERAGE(I9:J9) -> 100 | L9: 1 | M9: =K9*L9/1000 -> 0.1 | N9: =M9*(298/(273+'입력2(측정)'!T6)*('입력2(측정)'!M6/1013)) -> 0.099107907
A10: 7 | F10: 부유세균 | I10: 100 | J10: 100 | K10: =AVERAGE(I10:J10) -> 100 | L10: 1 | M10: =K10*L10/1000 -> 0.1 | N10: =M10*(298/(273+'입력2(측정)'!T7)*('입력2(측정)'!M7/1013)) -> 0.098996267
A11: 8 | F11: 부유세균 | I11: 100 | J11: 100 | K11: =AVERAGE(I11:J11) -> 100 | L11: 1 | M11: =K11*L11/1000 -> 0.1 | N11: =M11*(298/(273+'입력2(측정)'!T8)*('입력2(측정)'!M8/1013)) -> #DIV/0!
A12: 9 | I12: 100 | J12: 100 | K12: =AVERAGE(I12:J12) -> 100 | L12: 1 | M12: =K12*L12/1000 -> 0.1 | N12: =M12*(298/(273+'입력2(측정)'!T9)*('입력2(측정)'!M9/1013)) -> 0.098729533
A13: 10 | I13: 100 | J13: 100 | K13: =AVERAGE(I13:J13) -> 100 | L13: 1 | M13: =K13*L13/1000 -> 0.1 | N13: =M13*(298/(273+'입력2(측정)'!T10)*('입력2(측정)'!M10/1013)) -> 0.099116711
G14: 석면 유량 온도, 압력 보정
I15: ='입력2(측정)'!N57 -> 0 | J15: ='입력2(측정)'!P57 -> 0 | K15: =AVERAGE(I15:J15) -> 0 | L15: 120 | M15: =L15*K15 -> 0 | N15: =M15*(298/(273+'입력2(측정)'!H57)*('입력2(측정)'!L57/1013)) -> 0
I16: ='입력2(측정)'!N58 -> 0 | J16: ='입력2(측정)'!P58 -> 0 | K16: =AVERAGE(I16:J16) -> 0 | L16: 120 | M16: =L16*K16 -> 0 | N16: =M16*(298/(273+'입력2(측정)'!H58)*('입력2(측정)'!L58/1013)) -> 0
I17: ='입력2(측정)'!N59 -> 0 | J17: ='입력2(측정)'!P59 -> 0 | K17: =AVERAGE(I17:J17) -> 0 | L17: 120 | M17: =L17*K17 -> 0 | N17: =M17*(298/(273+'입력2(측정)'!H59)*('입력2(측정)'!L59/1013)) -> 0
I18: ='입력2(측정)'!N60 -> 0 | J18: ='입력2(측정)'!P60 -> 0 | K18: =AVERAGE(I18:J18) -> 0 | L18: 120 | M18: =L18*K18 -> 0 | N18: =M18*(298/(273+'입력2(측정)'!H60)*('입력2(측정)'!L60/1013)) -> 0
I19: ='입력2(측정)'!N61 -> 0 | J19: ='입력2(측정)'!P61 -> 0 | K19: =AVERAGE(I19:J19) -> 0 | L19: 120 | M19: =L19*K19 -> 0 | N19: =M19*(298/(273+'입력2(측정)'!H61)*('입력2(측정)'!L61/1013)) -> 0
I20: ='입력2(측정)'!N62 -> 0 | J20: ='입력2(측정)'!P62 -> 0 | K20: =AVERAGE(I20:J20) -> 0 | L20: 120 | M20: =L20*K20 -> 0 | N20: =M20*(298/(273+'입력2(측정)'!H62)*('입력2(측정)'!L62/1013)) -> 0

Sheet 부유세균(시험기록부)
A1: 시 험 기 록 부 | W1: 시험담당자 | Y1: 기술책임자
A2: 1. 일반사항 oo
A3: 업 체 명 | C3: ='입력1(학교시설명 등 기본사항 입력) 보고서1,2'!C2 -> 평촌경영고등학교 | I3: 시 설 명 | M3: ='입력1(학교시설명 등 기본사항 입력) 보고서1,2'!C2 -> 평촌경영고등학교
A4: 측 정 일 자 | C4: ='입력1(학교시설명 등 기본사항 입력) 보고서1,2'!C13 -> 2026.06.10 | I4: 분석일자 | M4: 2026년 06월 12일 ~ 06월 13일
A5: 측 정 자 | C5: ='입력1(학교시설명 등 기본사항 입력) 보고서1,2'!I15 -> 박정식 | I5: 분 석 자 | M5: ='입력2(측정)'!B1 -> 유재혁
A6: 시료채취지점 | C6: ='입력2(측정)'!$B46 -> 5층 2-11반 | G6: ='입력2(측정)'!B47 -> 4층 2-4반 | K6: ='입력2(측정)'!B48 -> 1층 (도제)회계실무실습실 | O6: ='입력2(측정)'!B49 -> 0 | S6: - | W6: -
A8: 온 도(℃) | C8: =보고서3!G95 -> 25.5 | G8: =보고서3!G96 -> 25.1 | K8: =보고서3!G97 -> 25.733333 | O8: =보고서3!G98 -> - | S8: - | W8: -
A9: 습 도(%) | C9: =보고서3!G102 -> 41.39 | G9: =보고서3!G103 -> 45.666667 | K9: =보고서3!G104 -> 51.7 | O9: =보고서3!G105 -> - | S9: - | W9: -
A10: 기압(mmHg) | C10: ='입력2(측정)'!M5 -> 1004 | G10: ='입력2(측정)'!M6 -> 1004.3 | K10: ='입력2(측정)'!M7 -> 1005.3 | O10: ='입력2(측정)'!M8 -> 0 | S10: - | W10: -
A12: 2. 시험방법 실내공기질 공정시험기준 ES 02701.1e 실내 공기 중 총부유세균 측정방법 - 충돌법
A14: 2. 분석내용
A15: ※ 채취공기량 계산식
K16: V(25°C, 1atm) : 25 °C, 1기압일 때 기체의 부피(m3) T(25°C): 25 °C의 절대온도(°K),(298 °K = 273+25 °C) P(1atm) : 1기압(atm) V : 실제로 채취한 기체의 부피(m3) = (Qave * 시간)/103 T2 : 기체를 채취할 때의 절대온도(°K), (°K=273+°C) P2 : 기체를 채취할 때의 기압(atm)
A18: 시료채취지점 | C18: =C6 -> 5층 2-11반 | G18: =G6 -> 4층 2-4반 | K18: =K6 -> 1층 (도제)회계실무실습실 | O18: =O6 -> 0 | S18: =S6 -> - | W18: =W6 -> -
A19: ④ 부 유 세 균 (CFU/m3) | B19: ※농도계산식 | K19: C : 실내 공기 중 총부유세균의 농도(CFU/m3) CFU : 보정된 집락수 V(25°C, 1atm) : 환산된 채취공기량(m3)
B20: 시료번호 | C20: BBA-01 | G20: BBA-02 | K20: BBA-03 | O20: - | S20: - | W20: -
B21: C | C21: =C22/C23 -> 80.852563 | G21: =G22/G23 -> 242.16029 | K21: =K22/K23 -> 30.304173 | O21: - | S21: - | W21: -
B22: CFU | C22: ='입력2(측정)'!Y46 -> 8 | G22: ='입력2(측정)'!Y47 -> 24 | K22: ='입력2(측정)'!Y48 -> 3 | O22: - | S22: - | W22: -
B23: V(25 °C,1atm) | C23: ='포집유량 보정'!N8 -> 0.098945534 | G23: ='포집유량 보정'!N9 -> 0.099107907 | K23: ='포집유량 보정'!N10 -> 0.098996267 | O23: - | S23: - | W23: -
B24: V | C24: ='포집유량 보정'!N8 -> 0.098945534 | G24: ='포집유량 보정'!N9 -> 0.099107907 | K24: ='포집유량 보정'!N10 -> 0.098996267 | O24: - | S24: - | W24: -
A26: 3. 계산식
A27: 시료채취지점 | C27: 계산식
A28: =C18 -> 5층 2-11반 | L28: =C22 -> 8
L29: =C24 -> 0.098945534 | M29: X | N29: (273+25) | P29: X | Q29: =C10 -> 1004
M30: (273+ | O30: =C8 -> 25.5 | P30: ) | Q30: X | R30: 1013
A31: =G18 -> 4층 2-4반 | L31: =G22 -> 24
L32: =G24 -> 0.099107907 | M32: X | N32: (273+25) | P32: X | Q32: =G10 -> 1004.3
M33: (273+ | O33: =G8 -> 25.1 | P33: ) | Q33: X | R33: 1013
A34: =K18 -> 1층 (도제)회계실무실습실 | L34: =K22 -> 3
L35: =K24 -> 0.098996267 | M35: X | N35: (273+25) | P35: X | Q35: =K10 -> 1005.3
M36: (273+ | O36: =K8 -> 25.733333 | P36: ) | Q36: X | R36: 1013
A37: =O18 -> 0 | L37: =O22 -> -
L38: =O24 -> - | M38: X | N38: (273+25) | P38: X | Q38: =O10 -> 0
M39: (273+ | O39: =O8 -> - | P39: ) | Q39: X | R39: 1013
A40: =S18 -> - | L40: =S21 -> -
L41: ='포집유량 보정'!U12 -> 0 | M41: X | N41: (273+25) | P41: X | Q41: ='입력2(측정)'!V14 -> 0
M42: (273+ | O42: ='입력2(측정)'!AB14 -> 0 | P42: ) | Q42: X | R42: 1013
A43: =W6 -> - | L43: =W21 -> -
L44: ='포집유량 보정'!U16 -> 0 | M44: X | N44: (273+25) | P44: X | Q44: ='입력2(측정)'!V17 -> 0
M45: (273+ | O45: ='입력2(측정)'!AB17 -> 0 | P45: ) | Q45: X | R45: 1013

Sheet 부유세균 환산표
A2: r | B2: Pr
A3: 1 | B3: 1
A4: 2 | B4: 2
A5: 3 | B5: 3
A6: 4 | B6: 4
A7: 5 | B7: 5
A8: 6 | B8: 6
A9: 7 | B9: 7
A10: 8 | B10: 8
A11: 9 | B11: 9
A12: 10 | B12: 10
A13: 11 | B13: 11
A14: 12 | B14: 12
... A401: 399 | B401: 2427
A402: 400 | B402: -

Sheet 낙하세균(시험기록부)
A1: 시 험 기 록 부 | O1: 시험담당자 | Q1: 기술책임자
A2: 1. 일반사항 oo
A3: 업 체 명 | C3: ='입력1(학교시설명 등 기본사항 입력) 보고서1,2'!C2 -> 평촌경영고등학교 | I3: 시 설 명 | M3: ='입력1(학교시설명 등 기본사항 입력) 보고서1,2'!C2 -> 평촌경영고등학교
A4: 측 정 일 자 | C4: ='입력1(학교시설명 등 기본사항 입력) 보고서1,2'!C13 -> 2026.06.10 | I4: 분석일자 | M4: ='부유세균(시험기록부)'!M4 -> 2026년 06월 12일 ~ 06월 13일
A5: 측 정 자 | C5: ='입력1(학교시설명 등 기본사항 입력) 보고서1,2'!I15 -> 박정식 | I5: 분 석 자 | M5: ='입력2(측정)'!B1 -> 유재혁
A6: 시료채취지점 | C6: ='입력2(측정)'!B52 -> 급식시설 | G6: ='입력2(측정)'!B53 -> 보건실
A8: 온 도(℃) | C8: - | G8: -
A9: 습 도(%) | C9: - | G9: -
A10: 기압(mmHg) | C10: - | G10: -
A12: 2. 시험방법 학교 환경위생 및 식품위생 점검기준, 2장 점검방법 및 기준, 마항 학교시설에서의 공기질등, 5)항 낙하세균
A14: 2. 분석내용
A15: ※ 채취공기량 계산식
A16: 없음 | K16: -
A18: 시료채취지점 | C18: ='입력2(측정)'!B52 -> 급식시설 | G18: ='입력2(측정)'!B53 -> 보건실
A19: ④ 낙하세균 (CFU) | B19: 시료번호 | C19: NBA-1~3 | G19: NBA-4~6
B20: CFU | C20: =C26 -> 0 | G20: =C29 -> 2
A22: 3. 결과
A23: 시료채취지점 | C23: 시료번호
A24: ='입력2(측정)'!B52 -> 급식시설 | C24: NBA-01 | I24: NBA-02 | O24: NBA-03
C25: ='입력2(측정)'!Y52 -> 0 | I25: ='입력2(측정)'!AE52 -> 0 | O25: ='입력2(측정)'!AL52 -> 0
C26: =SUM(C25+I25+O25) -> 0
A27: ='입력2(측정)'!B53 -> 보건실 | C27: NBA-04 | I27: NBA-05 | O27: NBA-06
C28: ='입력2(측정)'!Y53 -> 0 | I28: ='입력2(측정)'!AE53 -> 1 | O28: ='입력2(측정)'!AL53 -> 1
C29: =C28+I28+O28 -> 2

Sheet 석면 시험기록부
A1: 시 험 기 록 부 | W1: 시험담당자 | Y1: 기술책임자
A2: 1. 일반사항 oo
A3: 업 체 명 | C3: ='입력1(학교시설명 등 기본사항 입력) 보고서1,2'!C2 -> 평촌경영고등학교 | I3: 시 설 명 | M3: ='입력1(학교시설명 등 기본사항 입력) 보고서1,2'!C2 -> 평촌경영고등학교
A4: 측 정 일 자 | C4: ='입력1(학교시설명 등 기본사항 입력) 보고서1,2'!C13 -> 2026.06.10 | I4: 분석일자 | M4: 2026년 03월 28일 ~ 03월 29일
A5: 측 정 자 | C5: ='입력1(학교시설명 등 기본사항 입력) 보고서1,2'!I15 -> 박정식 | I5: 분 석 자 | M5: ='입력2(측정)'!B1 -> 유재혁
A6: 시료채취지점 | C6: ='입력2(측정)'!B57 -> 0 | G6: ='입력2(측정)'!B58 -> 0 | K6: ='입력2(측정)'!B59 -> 0 | O6: ='입력2(측정)'!B60 -> 0 | S6: ='입력2(측정)'!B61 -> 0 | W6: ='입력2(측정)'!B62 -> 0
A8: 온 도(℃) | C8: ='입력2(측정)'!H57 -> 0 | G8: ='입력2(측정)'!T6 -> 25.1 | K8: ='입력2(측정)'!T7 -> 25.733333 | O8: ='입력2(측정)'!T8 -> #DIV/0! | S8: ='입력2(측정)'!T9 -> 26.6 | W8: ='입력2(측정)'!T10 -> 25.4
A9: 습 도(%) | C9: ='입력2(측정)'!J57 -> 0 | G9: ='입력2(측정)'!J58 -> 0 | K9: ='입력2(측정)'!J59 -> 0 | O9: ='입력2(측정)'!J60 -> 0 | S9: ='입력2(측정)'!J61 -> 0 | W9: ='입력2(측정)'!J62 -> 0
A10: 기압(mmHg) | C10: ='입력2(측정)'!L57 -> 0 | G10: ='입력2(측정)'!L58 -> 0 | K10: ='입력2(측정)'!L59 -> 0 | O10: ='입력2(측정)'!L60 -> 0 | S10: ='입력2(측정)'!L61 -> 0 | W10: ='입력2(측정)'!L62 -> 0
A12: 2. 시험방법 실내공기질 공정시험기준 ES 02701.1e 실내 공기 중 총부유세균 측정방법 - 충돌법
A14: 2. 분석내용
A15: ※ 채취공기량 계산식
K16: V(25°C, 1atm) : 25 °C, 1기압일 때 기체의 부피(m3) T(25°C): 25 °C의 절대온도(°K),(298 °K = 273+25 °C) P(1atm) : 1기압(atm) V : 실제로 채취한 기체의 부피(m3) = (Qave * 시간)/103 T2 : 기체를 채취할 때의 절대온도(°K), (°K=273+°C) P2 : 기체를 채취할 때의 기압(atm)
A17: ※ 농도 계산식
K18: C : 공기 중 석면 및 섬유상 먼지의 농도(개/cm3) A : 유효 포집면적(mm2) N₁: 위상차현미경으로 계측한 시료의 총 섬유수(개) N₂: 위상차현미경으로 계측한 바탕시료의 총 섬유수(개) a : 현미경으로 계측한 1시야의 면적(mm2) V(25°C, 1atm) : 환산한 채취 공기량(L) n : 계수한 시야의 총수(개)
A19: 시료채취지점 | C19: =C6 -> 0 | G19: =G6 -> 0 | K19: =K6 -> 0 | O19: =O6 -> 0 | S19: =S6 -> 0 | W19: =W6 -> 0
A20: ④ 부 유 세 균 (CFU/m3) | B20: 시료번호 | C20: 직접입력 | G20: 직접입력 | K20: 직접입력 | O20: 직접입력 | S20: 직접입력 | W20: 직접입력
B21: C | C21: =C22*(C23-C24)/(C25*C26*C27)*1/1000 -> #DIV/0! | G21: =G22*(G23-G24)/(G25*G26*G27)*1/1000 -> #DIV/0! | K21: =K22*(K23-K24)/(K25*K26*K27)*1/1000 -> #DIV/0! | O21: =O22*(O23-O24)/(O25*O26*O27)*1/1000 -> #DIV/0! | S21: =S22*(S23-S24)/(S25*S26*S27)*1/1000 -> #DIV/0! | W21: =W22*(W23-W24)/(W25*W26*W27)*1/1000 -> #DIV/0!
B22: A | C22: 385 | G22: 385 | K22: 385 | O22: 385 | S22: 385 | W22: 385
B23: N1 | C23: 24 | G23: 18.5 | K23: 12 | O23: 13 | S23: 17 | W23: 19
B24: N2 | C24: 0 | G24: =G25/G26 -> #DIV/0! | K24: =K25/K26 -> #DIV/0! | O24: =O25/O26 -> #DIV/0! | S24: =S25/S26 -> #DIV/0! | W24: =W25/W26 -> #DIV/0!
B25: α | C25: 0.00785 | G25: 0.00785 | K25: 0.00785 | O25: 0.00785 | S25: 0.00785 | W25: 0.00785
B26: V(25 °C,1atm) | C26: ='포집유량 보정'!N15 -> 0 | G26: ='포집유량 보정'!N16 -> 0 | K26: ='포집유량 보정'!N17 -> 0 | O26: ='포집유량 보정'!N18 -> 0 | S26: ='포집유량 보정'!N19 -> 0 | W26: ='포집유량 보정'!N20 -> 0
B27: n | C27: 100 | G27: 100 | K27: 100 | O27: 100 | S27: 100 | W27: 100
A29: 3. 계산식
A30: 시료채취지점 | C30: 계산식
A31: =C19 -> 0 | L31: 385 | M31: X | N31: ( | O31: =C23 -> 24 | P31: - | Q31: =C24 -> 0 | R31: )
L32: =C22 -> 385 | M32: X | N32: =C26 -> 0 | P32: X | Q32: =C27 -> 100 | R32: X | S32: 1000
A33: =G19 -> 0 | L33: 385 | M33: X | N33: ( | O33: =G23 -> 18.5 | P33: - | Q33: =-G24 -> #DIV/0! | R33: )
L34: =C25 -> 0.00785 | M34: X | N34: =G26 -> 0 | P34: X | Q34: 100 | R34: X | S34: 1000
A35: =K19 -> 0 | L35: 385 | M35: X | N35: ( | O35: =K23 -> 12 | P35: - | Q35: =-K24 -> #DIV/0! | R35: )
L36: =C28 -> 0 | M36: X | N36: =K26 -> 0 | P36: X | Q36: 100 | R36: X | S36: 1000
A37: =O19 -> 0 | L37: 385 | M37: X | N37: ( | O37: =O23 -> 13 | P37: - | Q37: =O24 -> #DIV/0! | R37: )
L38: =C31 -> 0 | M38: X | N38: =O26 -> 0 | P38: X | Q38: 100 | R38: X | S38: 1000
A39: =S19 -> 0 | L39: 385 | M39: X | N39: ( | O39: =S23 -> 17 | P39: - | Q39: =S24 -> #DIV/0! | R39: )
L40: =C33 -> 0 | M40: X | N40: =S26 -> 0 | P40: X | Q40: 100 | R40: X | S40: 1000
A41: =W6 -> 0 | L41: 385 | M41: X | N41: ( | O41: =-W23 -> -19 | P41: - | Q41: =-W24 -> #DIV/0! | R41: )
L42: =C35 -> 0 | M42: X | N42: =W26 -> 0 | P42: X | Q42: 100 | R42: X | S42: 1000

Sheet 드롭다운 메뉴_지우지말것!
A1: 정수기 | B1: 기숙사 | C1: 환기장치 | D1: 측정항목1 | E1: 측정항목2 | F1: 시료번호 | G1: 측정자 | H1: 유량보정 항목
A2: 상수도 | B2: ○ | C2: 기계 | D2: 포름알데하이드 | E2: 낙하세균,부유세균,포름알데하이드,총유기화학물,석면 | F2: HCHO | G2: 이진혁 | H2: 포름알데하이드
A3: 지하수 | B3: × | C3: 자연 | D3: 총유기화합물 | E3: 낙하세균,부유세균,포름알데하이드,총유기화학물 | F3: VOC | G3: 박정식 | H3: 총휘발성유기화합물
A4: 기타 | C4: 자연, 기계 | D4: 미세먼지 | E4: 낙하세균,부유세균 | F4: PM2.5 | G4: 김은주 | H4: 부유세균
D5: 초미세먼지 | E5: 낙하세균 | F5: PM10 | G5: 김종수 | H5: 곰팡이
D6: 부유곰팡이 | E6: 부유세균 | F6: BMD | G6: 박정식, 김은주 | H6: 미세먼지
D7: 부유세균 | F7: BBA | H7: 총미세먼지
D8: 낙하세균 | F8: NBA
D9: 진득이 | F9: JIN

Sheet 시료 접수대장
A2: NO | B2: 측정 및 분석 항목 | C2: 측정위치 | D2: 시료번호1 | E2: 시료번호2 | F2: 비고
A3: 1
A4: 2
A5: 3
A6: 4
A7: 5
A8: 6
A9: 7
A10: 8
A11: 9
A12: 10
A13: 11
A14: 12
... A52: 50
